file,date,concentration_count,no_data_count,threshold_0.2,threshold_0.5,threshold_1.0,threshold_2.0,threshold_none
MY1DMW_CHLORA_2004-01-01.FLOAT.TIFF,2004-01-01,1751412,4728588,117187.02498,241317.737366,314208.140339,367022.946755,557624.573145
MY1DMW_CHLORA_2004-01-09.FLOAT.TIFF,2004-01-09,1853330,4626670,126164.609128,250643.750642,324368.879295,375958.675657,583638.714325
MY1DMW_CHLORA_2004-01-17.FLOAT.TIFF,2004-01-17,1919250,4560750,130037.849668,257515.297513,332173.735407,389041.94344,555323.620576
MY1DMW_CHLORA_2004-01-25.FLOAT.TIFF,2004-01-25,1927382,4552618,131125.316434,256304.395365,320206.087992,375292.97362,558321.611962
MY1DMW_CHLORA_2004-02-02.FLOAT.TIFF,2004-02-02,1919022,4560978,133214.520012,256734.656869,321554.283752,377701.089355,576999.505757
MY1DMW_CHLORA_2004-02-10.FLOAT.TIFF,2004-02-10,2017840,4462160,137752.127279,270786.237662,335780.289726,391001.579601,607504.435238
MY1DMW_CHLORA_2004-02-18.FLOAT.TIFF,2004-02-18,2112268,4367732,149003.229903,280072.157926,350642.248791,407762.631714,640088.6008
MY1DMW_CHLORA_2004-02-26.FLOAT.TIFF,2004-02-26,1975488,4504512,134999.567914,265954.104691,333644.981631,383848.56509,592599.944409
MY1DMW_CHLORA_2004-03-05.FLOAT.TIFF,2004-03-05,1924535,4555465,133597.568077,264455.363709,333337.301402,383775.482534,559606.676595
MY1DMW_CHLORA_2004-03-13.FLOAT.TIFF,2004-03-13,1866859,4613141,126692.064218,254928.494857,328220.002428,377352.162575,567569.994495
MY1DMW_CHLORA_2004-03-21.FLOAT.TIFF,2004-03-21,1857296,4622704,124107.684123,261000.423928,334033.019817,382932.729934,577066.947933
MY1DMW_CHLORA_2004-03-29.FLOAT.TIFF,2004-03-29,1923442,4556558,127807.386054,266545.345693,342487.539388,399946.725601,681696.13687
MY1DMW_CHLORA_2004-04-06.FLOAT.TIFF,2004-04-06,1875944,4604056,118942.373151,258860.347608,338938.655106,406640.871204,706831.856031
MY1DMW_CHLORA_2004-04-14.FLOAT.TIFF,2004-04-14,1804269,4675731,119683.514401,236164.211283,312225.423156,376012.40918,748802.961027
MY1DMW_CHLORA_2004-04-22.FLOAT.TIFF,2004-04-22,1834194,4645806,116623.955488,240257.310771,329067.11726,406577.025073,843669.941607
MY1DMW_CHLORA_2004-04-30.FLOAT.TIFF,2004-04-30,1698048,4781952,106695.814109,217479.625168,294846.895943,381218.834255,1011588.27268
MY1DMW_CHLORA_2004-05-08.FLOAT.TIFF,2004-05-08,1619450,4860550,107681.689673,199477.393148,273791.019491,351900.680746,876196.677551
MY1DMW_CHLORA_2004-05-16.FLOAT.TIFF,2004-05-16,1687678,4792322,115637.159584,199841.733153,272403.697282,349986.128418,899846.057054
MY1DMW_CHLORA_2004-05-24.FLOAT.TIFF,2004-05-24,1656174,4823826,114991.288709,191363.31523,267125.72133,346728.844837,789989.310771
MY1DMW_CHLORA_2004-06-01.FLOAT.TIFF,2004-06-01,1551288,4928712,106661.980872,184606.40971,258804.455086,335557.786911,778353.472465
MY1DMW_CHLORA_2004-06-09.FLOAT.TIFF,2004-06-09,1570832,4909168,109967.98666,196279.032568,273340.010042,350588.372132,721506.240744
MY1DMW_CHLORA_2004-06-17.FLOAT.TIFF,2004-06-17,1539666,4940334,110662.760581,194944.613429,269663.374769,346295.672174,673451.489415
MY1DMW_CHLORA_2004-06-25.FLOAT.TIFF,2004-06-25,1538470,4941530,104850.235146,201321.134471,283193.876305,353478.313704,686668.879367
MY1DMW_CHLORA_2004-07-03.FLOAT.TIFF,2004-07-03,1628092,4851908,112041.020408,214086.082191,292990.015618,373618.881299,768544.928163
MY1DMW_CHLORA_2004-07-11.FLOAT.TIFF,2004-07-11,1673475,4806525,116269.817528,220292.820603,299654.872902,370253.35051,815324.764738
MY1DMW_CHLORA_2004-07-19.FLOAT.TIFF,2004-07-19,1668971,4811029,111381.312242,220965.746384,310388.732467,390091.307486,875556.039943
MY1DMW_CHLORA_2004-07-27.FLOAT.TIFF,2004-07-27,1709109,4770891,111191.560677,238259.440751,333751.943509,416542.504453,843914.26719
MY1DMW_CHLORA_2004-08-04.FLOAT.TIFF,2004-08-04,1802805,4677195,121111.272606,245395.9999,339845.287286,427266.56249,863380.639426
MY1DMW_CHLORA_2004-08-12.FLOAT.TIFF,2004-08-12,1837944,4642056,120373.026977,255487.177667,361813.551783,443561.161366,882087.26416
MY1DMW_CHLORA_2004-08-20.FLOAT.TIFF,2004-08-20,1911407,4568593,125956.927308,261203.951603,373797.422161,461335.352942,899562.450568
MY1DMW_CHLORA_2004-08-28.FLOAT.TIFF,2004-08-28,1970540,4509460,130852.502888,262933.453518,382089.410041,472594.250503,873215.036146
MY1DMW_CHLORA_2004-09-05.FLOAT.TIFF,2004-09-05,1890566,4589434,121490.093066,242999.041613,367087.609811,475312.947711,946908.633458
MY1DMW_CHLORA_2004-09-13.FLOAT.TIFF,2004-09-13,1901128,4578872,131956.808708,248601.870872,358086.122863,458865.850259,811139.206312
MY1DMW_CHLORA_2004-09-21.FLOAT.TIFF,2004-09-21,1963704,4516296,139192.471446,261120.188979,367606.305568,453220.425335,776034.375166
MY1DMW_CHLORA_2004-09-29.FLOAT.TIFF,2004-09-29,1888737,4591263,135460.910683,244870.214508,340017.574847,422810.229503,745362.602845
MY1DMW_CHLORA_2004-10-07.FLOAT.TIFF,2004-10-07,1746426,4733574,127386.29062,227267.440027,317854.350052,386241.955571,736882.222676
MY1DMW_CHLORA_2004-10-15.FLOAT.TIFF,2004-10-15,1828315,4651685,135294.254378,244153.34318,333823.727054,400098.833373,651926.583336
MY1DMW_CHLORA_2004-10-23.FLOAT.TIFF,2004-10-23,1774274,4705726,125421.487005,242385.460607,318642.34349,369190.946026,585402.211344
MY1DMW_CHLORA_2004-10-31.FLOAT.TIFF,2004-10-31,1723224,4756776,121040.629724,233815.684217,307525.900762,359366.99973,579743.441278
MY1DMW_CHLORA_2004-11-08.FLOAT.TIFF,2004-11-08,1806291,4673709,131276.026305,249590.005787,314609.141682,361803.285011,556280.365513
MY1DMW_CHLORA_2004-11-16.FLOAT.TIFF,2004-11-16,1796478,4683522,125844.225481,249538.963971,317374.766881,358479.237032,526310.022398
MY1DMW_CHLORA_2004-11-24.FLOAT.TIFF,2004-11-24,1717895,4762105,116664.403454,242414.220763,310538.78501,349381.345558,507878.067207
MY1DMW_CHLORA_2004-12-02.FLOAT.TIFF,2004-12-02,1733504,4746496,118276.291444,238756.999023,313318.926099,362860.553007,501310.424942
MY1DMW_CHLORA_2004-12-10.FLOAT.TIFF,2004-12-10,1711925,4768075,115966.696897,228530.569866,304622.10269,350692.784966,493947.873775
MY1DMW_CHLORA_2004-12-18.FLOAT.TIFF,2004-12-18,1804855,4675145,119757.358097,240739.738794,324915.110083,372643.59328,531900.536004
MY1DMW_CHLORA_2004-12-26.FLOAT.TIFF,2004-12-26,1555134,4924866,103437.714045,205563.941592,273621.565321,316695.18818,482887.615162
MY1DMW_CHLORA_2005-01-01.FLOAT.TIFF,2005-01-01,1757135,4722865,115739.104523,243338.008963,324240.330349,372018.827625,515660.865166
MY1DMW_CHLORA_2005-01-09.FLOAT.TIFF,2005-01-09,1727237,4752763,118812.652604,237987.358096,306846.783908,355817.957024,509459.99064
MY1DMW_CHLORA_2005-01-17.FLOAT.TIFF,2005-01-17,1847881,4632119,130878.956736,248924.911711,319200.584254,366572.868067,515824.723284
MY1DMW_CHLORA_2005-01-25.FLOAT.TIFF,2005-01-25,1844980,4635020,130985.957832,253851.508252,326647.807131,380651.542611,523102.38518
MY1DMW_CHLORA_2005-02-02.FLOAT.TIFF,2005-02-02,1896632,4583368,131439.148984,266347.266668,350489.066034,401607.58486,565673.563356
MY1DMW_CHLORA_2005-02-10.FLOAT.TIFF,2005-02-10,2036420,4443580,141094.306936,291989.911491,371745.159934,432361.615133,600347.970277
MY1DMW_CHLORA_2005-02-18.FLOAT.TIFF,2005-02-18,1986693,4493307,138096.351164,283929.737282,358915.255808,411867.833876,580311.408123
MY1DMW_CHLORA_2005-02-26.FLOAT.TIFF,2005-02-26,2066932,4413068,145204.622883,290047.878714,363975.678139,410924.855919,593373.947917
MY1DMW_CHLORA_2005-03-06.FLOAT.TIFF,2005-03-06,2035983,4444017,140269.305705,286458.744894,354900.086092,398130.831637,589249.475556
MY1DMW_CHLORA_2005-03-14.FLOAT.TIFF,2005-03-14,2019735,4460265,140801.103498,275843.092844,346075.85417,393862.151491,584145.830266
MY1DMW_CHLORA_2005-03-22.FLOAT.TIFF,2005-03-22,1999806,4480194,135764.244683,265695.732533,342203.892134,393088.446742,593902.087058
MY1DMW_CHLORA_2005-03-30.FLOAT.TIFF,2005-03-30,1764359,4715641,118164.319093,234230.580927,305055.255391,361598.01981,603888.25203
MY1DMW_CHLORA_2005-04-07.FLOAT.TIFF,2005-04-07,1712016,4767984,115644.541962,231893.001899,300218.30992,354603.202892,626184.562662
MY1DMW_CHLORA_2005-04-15.FLOAT.TIFF,2005-04-15,1742676,4737324,114301.441494,236171.626747,305128.673941,366175.420718,771894.201862
MY1DMW_CHLORA_2005-04-23.FLOAT.TIFF,2005-04-23,1848368,4631632,122781.527593,235341.727772,314320.365003,386273.440318,774345.712704
MY1DMW_CHLORA_2005-05-01.FLOAT.TIFF,2005-05-01,1739054,4740946,113454.093406,217806.210508,298572.576292,365968.120191,751244.977435
MY1DMW_CHLORA_2005-05-09.FLOAT.TIFF,2005-05-09,1653558,4826442,111010.692132,202381.674878,281641.486288,355855.292236,860959.09222
MY1DMW_CHLORA_2005-05-17.FLOAT.TIFF,2005-05-17,1671022,4808978,110217.868949,205530.204686,292626.327573,373910.822127,806066.446699
MY1DMW_CHLORA_2005-05-25.FLOAT.TIFF,2005-05-25,1629036,4850964,109192.275892,199048.599285,282548.638914,364231.895676,866076.15413
MY1DMW_CHLORA_2005-06-02.FLOAT.TIFF,2005-06-02,1598530,4881470,109063.379866,194376.588383,277725.031494,357713.53446,751643.186032
MY1DMW_CHLORA_2005-06-10.FLOAT.TIFF,2005-06-10,1561354,4918646,105907.745849,190921.617496,270326.127424,357214.663516,713045.737911
MY1DMW_CHLORA_2005-06-18.FLOAT.TIFF,2005-06-18,1589263,4890737,113315.320874,196148.008331,258819.000522,323925.746033,682977.936059
MY1DMW_CHLORA_2005-06-26.FLOAT.TIFF,2005-06-26,1641295,4838705,116861.500338,204744.904646,280874.376359,360573.985896,730889.152748
MY1DMW_CHLORA_2005-07-04.FLOAT.TIFF,2005-07-04,1667940,4812060,113808.162552,210151.877541,303572.496188,379113.039644,784696.431244
MY1DMW_CHLORA_2005-07-12.FLOAT.TIFF,2005-07-12,1645814,4834186,114332.583137,210805.111079,301766.666279,380827.111878,799146.472257
MY1DMW_CHLORA_2005-07-20.FLOAT.TIFF,2005-07-20,1604919,4875081,112924.934991,216566.455842,291016.796348,354433.972911,711257.766631
MY1DMW_CHLORA_2005-07-28.FLOAT.TIFF,2005-07-28,1705409,4774591,119629.068303,234344.797183,323395.327223,399070.655842,767613.442418
MY1DMW_CHLORA_2005-08-05.FLOAT.TIFF,2005-08-05,1794056,4685944,123638.509749,241809.730276,327663.318683,400252.573074,734136.450908
MY1DMW_CHLORA_2005-08-13.FLOAT.TIFF,2005-08-13,1857708,4622292,125899.167795,249191.689217,336059.672206,411985.527793,834955.135341
MY1DMW_CHLORA_2005-08-21.FLOAT.TIFF,2005-08-21,1883970,4596030,126770.886908,255361.852327,362648.448565,447153.103391,881413.361352
MY1DMW_CHLORA_2005-08-29.FLOAT.TIFF,2005-08-29,1716401,4763599,116328.230226,230677.12038,335427.669981,413838.298843,875246.981549
MY1DMW_CHLORA_2005-09-06.FLOAT.TIFF,2005-09-06,1873607,4606393,132294.157966,251871.323922,360212.348955,444931.986795,932231.872454
MY1DMW_CHLORA_2005-09-14.FLOAT.TIFF,2005-09-14,1917850,4562150,142354.57459,253925.693773,358276.665451,427010.11008,760165.723217
MY1DMW_CHLORA_2005-09-22.FLOAT.TIFF,2005-09-22,1888880,4591120,136800.432124,248333.126151,347452.229932,413823.801444,829991.22413
MY1DMW_CHLORA_2005-09-30.FLOAT.TIFF,2005-09-30,1851751,4628249,136177.384987,237994.937525,328703.575805,399688.389242,762257.648141
MY1DMW_CHLORA_2005-10-08.FLOAT.TIFF,2005-10-08,1860572,4619428,128619.917128,237441.567076,324695.842351,392746.243634,741987.697401
MY1DMW_CHLORA_2005-10-16.FLOAT.TIFF,2005-10-16,1816163,4663837,130132.164193,238945.571603,315955.636374,376169.064581,633599.868757
MY1DMW_CHLORA_2005-10-24.FLOAT.TIFF,2005-10-24,1638605,4841395,119596.955788,213236.318231,277965.966018,328305.706803,568960.47416
MY1DMW_CHLORA_2005-11-01.FLOAT.TIFF,2005-11-01,1655105,4824895,118990.429147,220045.906782,282980.646159,330700.070942,534415.899836
MY1DMW_CHLORA_2005-11-09.FLOAT.TIFF,2005-11-09,1696690,4783310,120222.943169,232164.39959,294316.854673,337727.777813,519248.059617
MY1DMW_CHLORA_2005-11-17.FLOAT.TIFF,2005-11-17,1757231,4722769,120839.27753,239852.676143,307195.393617,347346.877636,510062.335199
MY1DMW_CHLORA_2005-11-25.FLOAT.TIFF,2005-11-25,1710581,4769419,116301.155971,226952.067526,294132.51847,344716.405426,528131.92319
MY1DMW_CHLORA_2005-12-03.FLOAT.TIFF,2005-12-03,1774698,4705302,118371.068977,241196.690495,316346.688148,370275.020153,523875.224716
MY1DMW_CHLORA_2005-12-11.FLOAT.TIFF,2005-12-11,1767495,4712505,116235.097539,240214.929772,311177.045155,360090.168675,539552.873335
MY1DMW_CHLORA_2005-12-19.FLOAT.TIFF,2005-12-19,1795017,4684983,117633.302383,240905.66919,309881.012761,356509.697791,515915.162442
MY1DMW_CHLORA_2005-12-27.FLOAT.TIFF,2005-12-27,1422210,5057790,92384.3985523,188944.787381,241043.201179,283870.424478,458853.629211
MY1DMW_CHLORA_2006-01-01.FLOAT.TIFF,2006-01-01,1842991,4637009,128192.239578,248267.022082,313407.526933,364670.894855,526764.167068
MY1DMW_CHLORA_2006-01-09.FLOAT.TIFF,2006-01-09,1844596,4635404,127567.772009,251651.258864,328103.881836,384037.800717,563039.186989
MY1DMW_CHLORA_2006-01-17.FLOAT.TIFF,2006-01-17,1795085,4684915,126735.047875,243782.914697,314226.434137,370146.994502,544359.119292
MY1DMW_CHLORA_2006-01-25.FLOAT.TIFF,2006-01-25,1931731,4548269,137287.401358,273060.347376,341145.275307,400136.845884,579644.92647
MY1DMW_CHLORA_2006-02-02.FLOAT.TIFF,2006-02-02,1911059,4568941,134651.513272,265466.972116,338700.978416,396331.357482,585715.702634
MY1DMW_CHLORA_2006-02-10.FLOAT.TIFF,2006-02-10,2029743,4450257,141091.069553,286480.207572,362913.023285,420916.407406,627505.707755
MY1DMW_CHLORA_2006-02-18.FLOAT.TIFF,2006-02-18,2024335,4455665,146236.541132,276378.439635,347837.532778,405355.497689,606411.720473
MY1DMW_CHLORA_2006-02-26.FLOAT.TIFF,2006-02-26,2002315,4477685,146420.420624,272100.167192,340932.650472,396113.916699,560342.194041
MY1DMW_CHLORA_2006-03-06.FLOAT.TIFF,2006-03-06,1972053,4507947,143162.958609,275070.009118,341717.789032,387303.952936,538824.143697
MY1DMW_CHLORA_2006-03-14.FLOAT.TIFF,2006-03-14,1918403,4561597,134695.868279,261527.330735,329317.054686,376804.930917,563080.79114
MY1DMW_CHLORA_2006-03-22.FLOAT.TIFF,2006-03-22,1864686,4615314,130469.277526,250125.860904,318603.556552,365682.451657,583660.145062
MY1DMW_CHLORA_2006-03-30.FLOAT.TIFF,2006-03-30,1893013,4586987,129674.734173,253448.68147,323562.877948,382274.144136,589729.734889
MY1DMW_CHLORA_2006-04-07.FLOAT.TIFF,2006-04-07,1859386,4620614,126987.669234,247757.329824,318965.462928,374913.423531,650291.096889
MY1DMW_CHLORA_2006-04-15.FLOAT.TIFF,2006-04-15,1689069,4790931,113115.430839,218716.054997,285439.025498,345666.297914,705231.988306
MY1DMW_CHLORA_2006-04-23.FLOAT.TIFF,2006-04-23,1771302,4708698,116840.19534,232170.315401,304524.604788,367751.803121,885465.884065
MY1DMW_CHLORA_2006-05-01.FLOAT.TIFF,2006-05-01,1710393,4769607,115042.98652,212232.189382,292250.462058,362447.206425,840633.719051
MY1DMW_CHLORA_2006-05-09.FLOAT.TIFF,2006-05-09,1741750,4738250,119356.90698,217699.185977,295042.897379,367474.027854,872942.867269
MY1DMW_CHLORA_2006-05-17.FLOAT.TIFF,2006-05-17,1702488,4777512,116193.974925,204176.224707,284174.055018,363622.858322,829389.73142
MY1DMW_CHLORA_2006-05-25.FLOAT.TIFF,2006-05-25,1660039,4819961,116384.448986,198300.455755,274477.041052,350823.287065,774240.877468
MY1DMW_CHLORA_2006-06-02.FLOAT.TIFF,2006-06-02,1686985,4793015,115590.37757,197714.038836,275595.34701,362167.936301,835131.565995
MY1DMW_CHLORA_2006-06-10.FLOAT.TIFF,2006-06-10,1586330,4893670,111377.868067,193420.041898,269912.909686,346655.919188,730972.295262
MY1DMW_CHLORA_2006-06-18.FLOAT.TIFF,2006-06-18,1516397,4963603,105839.687132,192157.154018,270226.302786,341338.524389,659676.800353
MY1DMW_CHLORA_2006-06-26.FLOAT.TIFF,2006-06-26,1585134,4894866,106340.088672,205114.328688,290103.757231,369421.704596,718310.485404
MY1DMW_CHLORA_2006-07-04.FLOAT.TIFF,2006-07-04,1614088,4865912,111326.449373,216548.423887,302797.841891,376871.162881,722485.526152
MY1DMW_CHLORA_2006-07-12.FLOAT.TIFF,2006-07-12,1682625,4797375,115904.090852,225700.851242,313296.587696,392521.915938,785245.535838
MY1DMW_CHLORA_2006-07-20.FLOAT.TIFF,2006-07-20,1701393,4778607,118219.416263,231552.644595,313264.457219,383562.094764,744202.051463
MY1DMW_CHLORA_2006-07-28.FLOAT.TIFF,2006-07-28,1692823,4787177,121149.575893,232117.222073,301245.347461,362067.793951,733877.023619
MY1DMW_CHLORA_2006-08-05.FLOAT.TIFF,2006-08-05,1681817,4798183,119277.630741,228046.59258,302950.989511,371992.81586,781959.861543
MY1DMW_CHLORA_2006-08-13.FLOAT.TIFF,2006-08-13,1757314,4722686,123059.346636,234967.37644,322637.98044,394624.238001,826058.034651
MY1DMW_CHLORA_2006-08-21.FLOAT.TIFF,2006-08-21,1941620,4538380,139701.084394,257627.268026,360699.321062,446632.661438,831870.890931
MY1DMW_CHLORA_2006-08-29.FLOAT.TIFF,2006-08-29,1846442,4633558,129425.146587,242770.022599,347929.359652,425801.538293,877649.77634
MY1DMW_CHLORA_2006-09-06.FLOAT.TIFF,2006-09-06,1930398,4549602,137287.236452,243175.627237,362017.064994,448361.297624,895595.207448
MY1DMW_CHLORA_2006-09-14.FLOAT.TIFF,2006-09-14,1923176,4556824,138384.509557,242030.104976,352606.575111,440785.813241,863617.617059
MY1DMW_CHLORA_2006-09-22.FLOAT.TIFF,2006-09-22,1896104,4583896,140326.137601,237595.653703,348647.24825,427698.515097,833113.36447
MY1DMW_CHLORA_2006-09-30.FLOAT.TIFF,2006-09-30,1794558,4685442,129766.649161,234603.416116,334745.962292,405613.756967,728789.869644
MY1DMW_CHLORA_2006-10-08.FLOAT.TIFF,2006-10-08,1758258,4721742,125992.575202,228648.883496,313284.589149,377181.48779,698355.999135
MY1DMW_CHLORA_2006-10-16.FLOAT.TIFF,2006-10-16,1779051,4700949,128311.568337,235350.336986,316499.795904,370930.363021,603133.528045
MY1DMW_CHLORA_2006-10-24.FLOAT.TIFF,2006-10-24,1723851,4756149,124383.959829,230468.147999,314036.853292,367443.823657,589804.137607
MY1DMW_CHLORA_2006-11-01.FLOAT.TIFF,2006-11-01,1807171,4672829,128351.735813,239042.418214,318468.381564,378397.471886,590193.67653
MY1DMW_CHLORA_2006-11-09.FLOAT.TIFF,2006-11-09,1718641,4761359,119323.400282,228640.734455,294644.340118,342255.186316,571088.910588
MY1DMW_CHLORA_2006-11-17.FLOAT.TIFF,2006-11-17,1717973,4762027,120087.757199,230282.741757,290084.677841,333294.740302,494207.039286
MY1DMW_CHLORA_2006-11-25.FLOAT.TIFF,2006-11-25,1641043,4838957,115125.446119,224064.014878,287254.509915,330992.591213,521512.574185
MY1DMW_CHLORA_2006-12-03.FLOAT.TIFF,2006-12-03,1657404,4822596,117280.397684,224072.397287,285577.16651,326254.944218,482079.579754
MY1DMW_CHLORA_2006-12-11.FLOAT.TIFF,2006-12-11,1657541,4822459,113676.990241,226782.528563,289278.954026,336319.916264,489401.731514
MY1DMW_CHLORA_2006-12-19.FLOAT.TIFF,2006-12-19,1719182,4760818,117664.674726,228520.01576,293562.598886,344853.819165,485123.050245
MY1DMW_CHLORA_2006-12-27.FLOAT.TIFF,2006-12-27,1306936,5173064,89588.3732695,169661.477791,221843.626922,264420.008586,405233.353611
MY1DMW_CHLORA_2007-01-01.FLOAT.TIFF,2007-01-01,1697618,4782382,112250.246625,237736.961423,305538.416635,356946.78355,525504.578101
MY1DMW_CHLORA_2007-01-09.FLOAT.TIFF,2007-01-09,1798454,4681546,125997.390507,252487.483513,319385.979815,368807.995394,551223.734407
MY1DMW_CHLORA_2007-01-17.FLOAT.TIFF,2007-01-17,1819834,4660166,128351.995861,249948.559161,318842.888641,366540.627422,514112.438477
MY1DMW_CHLORA_2007-01-25.FLOAT.TIFF,2007-01-25,1916365,4563635,137724.237831,260305.290716,324370.881784,372823.5005,505429.646123
MY1DMW_CHLORA_2007-02-02.FLOAT.TIFF,2007-02-02,1886148,4593852,134213.677618,264358.392381,335623.844188,385749.192749,549859.690334
MY1DMW_CHLORA_2007-02-10.FLOAT.TIFF,2007-02-10,1975078,4504922,143599.806317,266367.831396,336389.427206,386913.175273,564182.343226
MY1DMW_CHLORA_2007-02-18.FLOAT.TIFF,2007-02-18,1969817,4510183,138675.996711,268951.027759,344567.562172,403754.405125,563882.351956
MY1DMW_CHLORA_2007-02-26.FLOAT.TIFF,2007-02-26,1836920,4643080,127473.162069,247320.98379,326494.318552,375695.283604,549925.518114
MY1DMW_CHLORA_2007-03-06.FLOAT.TIFF,2007-03-06,1856760,4623240,129732.619109,249033.779571,318414.807851,363228.960094,547042.778509
MY1DMW_CHLORA_2007-03-14.FLOAT.TIFF,2007-03-14,1941069,4538931,134785.184708,264121.092527,335932.503882,377349.538357,578864.75175
MY1DMW_CHLORA_2007-03-22.FLOAT.TIFF,2007-03-22,1856407,4623593,124664.776613,261005.726856,328396.102147,373554.179836,640706.316253
MY1DMW_CHLORA_2007-03-30.FLOAT.TIFF,2007-03-30,1847851,4632149,125444.306732,248564.101367,312466.268376,361557.852512,659029.639409
MY1DMW_CHLORA_2007-04-07.FLOAT.TIFF,2007-04-07,1867557,4612443,123577.372462,247461.993191,319490.469894,377396.991238,689883.593656
MY1DMW_CHLORA_2007-04-15.FLOAT.TIFF,2007-04-15,1782288,4697712,117302.325314,238024.389214,310825.451562,368419.048726,725362.242051
MY1DMW_CHLORA_2007-04-23.FLOAT.TIFF,2007-04-23,1779063,4700937,117324.461338,229357.569005,299666.841006,362010.771768,750303.863919
MY1DMW_CHLORA_2007-05-01.FLOAT.TIFF,2007-05-01,1641536,4838464,110470.024563,205463.164851,275683.771192,338642.84926,748116.921077
MY1DMW_CHLORA_2007-05-09.FLOAT.TIFF,2007-05-09,1557255,4922745,108207.450589,186369.555642,254836.178733,324169.953706,700677.167581
MY1DMW_CHLORA_2007-05-17.FLOAT.TIFF,2007-05-17,1619424,4860576,112050.292374,193591.77551,267032.178973,345526.553365,798166.917378
MY1DMW_CHLORA_2007-05-25.FLOAT.TIFF,2007-05-25,1635996,4844004,111945.237387,196149.082956,274486.893247,352335.282979,791898.252803
MY1DMW_CHLORA_2007-06-02.FLOAT.TIFF,2007-06-02,1667487,4812513,115611.315426,201759.278061,278462.609626,360511.833564,826789.767594
MY1DMW_CHLORA_2007-06-10.FLOAT.TIFF,2007-06-10,1556025,4923975,107345.409311,191329.859661,261857.7017,331091.36431,718802.406327
MY1DMW_CHLORA_2007-06-18.FLOAT.TIFF,2007-06-18,1509980,4970020,106682.993762,186878.258474,256725.901687,320564.978942,686430.785114
MY1DMW_CHLORA_2007-06-26.FLOAT.TIFF,2007-06-26,1551411,4928589,105548.857453,198303.427199,279354.652497,352518.123324,721215.771409
MY1DMW_CHLORA_2007-07-04.FLOAT.TIFF,2007-07-04,1679443,4800557,114044.363624,220793.114334,309103.80855,384434.215519,782251.631269
MY1DMW_CHLORA_2007-07-12.FLOAT.TIFF,2007-07-12,1670427,4809573,110367.179531,218974.625909,298948.635757,371648.448225,788685.536183
MY1DMW_CHLORA_2007-07-20.FLOAT.TIFF,2007-07-20,1661852,4818148,113301.263113,220703.979428,293283.645649,358110.955641,793736.775727
MY1DMW_CHLORA_2007-07-28.FLOAT.TIFF,2007-07-28,1708975,4771025,119212.204077,229264.626501,315427.834215,385294.050504,774607.883385
MY1DMW_CHLORA_2007-08-05.FLOAT.TIFF,2007-08-05,1701165,4778835,111903.506384,229877.703308,316189.050418,388834.012029,832173.151908
MY1DMW_CHLORA_2007-08-13.FLOAT.TIFF,2007-08-13,1797700,4682300,122654.565558,234644.122863,325754.225327,411663.167928,876235.703172
MY1DMW_CHLORA_2007-08-21.FLOAT.TIFF,2007-08-21,1896461,4583539,127360.199407,247387.854427,352790.961001,438531.673325,913314.333115
MY1DMW_CHLORA_2007-08-29.FLOAT.TIFF,2007-08-29,1902350,4577650,128618.971643,247295.693798,347693.770327,429466.479266,834637.2985
MY1DMW_CHLORA_2007-09-06.FLOAT.TIFF,2007-09-06,1913554,4566446,135851.158117,248406.316378,349359.124531,427083.599026,901182.768956
MY1DMW_CHLORA_2007-09-14.FLOAT.TIFF,2007-09-14,1827117,4652883,132322.289325,230350.399939,339893.418612,419667.634337,827774.500456
MY1DMW_CHLORA_2007-09-22.FLOAT.TIFF,2007-09-22,1794084,4685916,128604.838723,226859.784556,316782.762371,383085.007912,751857.852194
MY1DMW_CHLORA_2007-09-30.FLOAT.TIFF,2007-09-30,1878530,4601470,134776.492652,243635.7263,338142.10049,414614.705592,759215.264694
MY1DMW_CHLORA_2007-10-08.FLOAT.TIFF,2007-10-08,1875571,4604429,134413.084279,245588.543495,324715.593296,382382.835245,723681.202226
MY1DMW_CHLORA_2007-10-16.FLOAT.TIFF,2007-10-16,1826911,4653089,129267.983939,242642.928619,316645.078132,379376.201045,681912.017339
MY1DMW_CHLORA_2007-10-24.FLOAT.TIFF,2007-10-24,1771160,4708840,126467.265533,235639.658562,310852.708429,363133.357205,579568.927241
MY1DMW_CHLORA_2007-11-01.FLOAT.TIFF,2007-11-01,1767218,4712782,123710.005202,239900.417885,303155.824307,351255.360747,537059.992282
MY1DMW_CHLORA_2007-11-09.FLOAT.TIFF,2007-11-09,1709454,4770546,121557.966155,230505.471628,285046.39017,330381.49346,489399.973153
MY1DMW_CHLORA_2007-11-17.FLOAT.TIFF,2007-11-17,1597756,4882244,113243.137757,212761.402882,270044.101221,316607.467835,498028.84182
MY1DMW_CHLORA_2007-11-25.FLOAT.TIFF,2007-11-25,1550148,4929852,105836.3195,212348.069365,270114.415038,320919.178732,490479.155559
MY1DMW_CHLORA_2007-12-03.FLOAT.TIFF,2007-12-03,1599393,4880607,113557.820761,218644.155473,274963.935687,317607.285812,460592.040105
MY1DMW_CHLORA_2007-12-11.FLOAT.TIFF,2007-12-11,1677927,4802073,116724.357354,226229.951265,286989.852689,326992.675694,481616.671237
MY1DMW_CHLORA_2007-12-19.FLOAT.TIFF,2007-12-19,1740617,4739383,118573.986005,240026.621411,306145.114886,350460.602682,492936.446435
MY1DMW_CHLORA_2007-12-27.FLOAT.TIFF,2007-12-27,1216172,5263828,83584.8702166,163474.157512,212774.934903,246376.467885,362260.670087
MY1DMW_CHLORA_2008-01-01.FLOAT.TIFF,2008-01-01,1725263,4754737,118950.663539,235899.48478,303965.656476,347628.722659,501547.649152
MY1DMW_CHLORA_2008-01-09.FLOAT.TIFF,2008-01-09,1814473,4665527,127316.495829,249760.340212,316433.488735,372050.123618,542547.395572
MY1DMW_CHLORA_2008-01-17.FLOAT.TIFF,2008-01-17,1787646,4692354,124058.005024,249771.759777,322292.108648,371272.886845,507532.056443
MY1DMW_CHLORA_2008-01-25.FLOAT.TIFF,2008-01-25,1945737,4534263,138453.57957,268536.006555,344042.544074,399431.173838,555978.341005
MY1DMW_CHLORA_2008-02-02.FLOAT.TIFF,2008-02-02,1880299,4599701,133435.772282,262066.585668,331001.256625,379353.782954,519023.187782
MY1DMW_CHLORA_2008-02-10.FLOAT.TIFF,2008-02-10,1909707,4570293,136292.518066,262332.340099,329493.386092,382220.612823,554625.897877
MY1DMW_CHLORA_2008-02-18.FLOAT.TIFF,2008-02-18,1964966,4515034,136925.490459,274187.826356,342647.760366,390141.219268,596013.56319
MY1DMW_CHLORA_2008-02-26.FLOAT.TIFF,2008-02-26,1974006,4505994,140721.411054,272176.096384,336884.013974,382922.714087,625859.240578
MY1DMW_CHLORA_2008-03-05.FLOAT.TIFF,2008-03-05,2056582,4423418,145736.630684,288733.179197,352800.250176,398184.006174,609701.904188
MY1DMW_CHLORA_2008-03-13.FLOAT.TIFF,2008-03-13,1883686,4596314,135571.984412,254338.929338,315344.819742,361350.102035,568190.868093
MY1DMW_CHLORA_2008-03-21.FLOAT.TIFF,2008-03-21,1862063,4617937,132328.246577,246401.833117,304561.497679,348972.805238,611837.117911
MY1DMW_CHLORA_2008-03-29.FLOAT.TIFF,2008-03-29,1904366,4575634,133522.039133,257153.834536,320660.695251,370564.720138,613883.597227
MY1DMW_CHLORA_2008-04-06.FLOAT.TIFF,2008-04-06,1828915,4651085,129273.998962,241655.300498,303423.682398,349823.927502,638779.664365
MY1DMW_CHLORA_2008-04-14.FLOAT.TIFF,2008-04-14,1655795,4824205,111605.525092,216686.205962,277433.896797,342484.105709,712023.945809
MY1DMW_CHLORA_2008-04-22.FLOAT.TIFF,2008-04-22,1688964,4791036,115896.191417,213986.277497,276873.372806,337043.081871,767175.863304
MY1DMW_CHLORA_2008-04-30.FLOAT.TIFF,2008-04-30,1604307,4875693,113085.13492,196065.299895,261217.869762,330073.364645,767053.027369
MY1DMW_CHLORA_2008-05-08.FLOAT.TIFF,2008-05-08,1587463,4892537,111377.871621,188924.735086,259076.866124,331124.744349,884579.901085
MY1DMW_CHLORA_2008-05-16.FLOAT.TIFF,2008-05-16,1693508,4786492,120963.728872,202321.368428,275549.423216,358394.856981,842395.394017
MY1DMW_CHLORA_2008-05-24.FLOAT.TIFF,2008-05-24,1669527,4810473,116958.547971,193239.384826,272958.023757,366538.772526,878956.47604
MY1DMW_CHLORA_2008-06-01.FLOAT.TIFF,2008-06-01,1654105,4825895,116628.933058,196466.076343,276413.552071,372397.332882,855925.443401
MY1DMW_CHLORA_2008-06-09.FLOAT.TIFF,2008-06-09,1505119,4974881,107244.362277,182594.806889,252267.509184,330164.334745,713358.978722
MY1DMW_CHLORA_2008-06-17.FLOAT.TIFF,2008-06-17,1579280,4900720,112391.489121,198762.072943,273128.350292,346575.635183,651393.973492
MY1DMW_CHLORA_2008-06-25.FLOAT.TIFF,2008-06-25,1612642,4867358,114497.823401,209162.13617,287746.620182,357386.48452,741702.738756
MY1DMW_CHLORA_2008-07-03.FLOAT.TIFF,2008-07-03,1690563,4789437,122029.656704,217014.776111,294102.058024,359683.10661,747145.296973
MY1DMW_CHLORA_2008-07-11.FLOAT.TIFF,2008-07-11,1638837,4841163,115874.144496,218457.786116,292583.922142,354816.739222,725081.73943
MY1DMW_CHLORA_2008-07-19.FLOAT.TIFF,2008-07-19,1721228,4758772,118171.372428,228805.889853,317965.75863,390214.923446,859998.129654
MY1DMW_CHLORA_2008-07-27.FLOAT.TIFF,2008-07-27,1681127,4798873,118470.777001,222978.44206,299742.352559,371491.655229,854554.184909
MY1DMW_CHLORA_2008-08-04.FLOAT.TIFF,2008-08-04,1790955,4689045,126433.177132,243655.763505,319109.151467,394177.922834,826356.603848
MY1DMW_CHLORA_2008-08-12.FLOAT.TIFF,2008-08-12,1870491,4609509,128951.621946,247398.44176,344867.138227,428737.990361,915675.536514
MY1DMW_CHLORA_2008-08-20.FLOAT.TIFF,2008-08-20,1894322,4585678,128345.426297,248846.905629,355279.235386,454900.71212,956683.914028
MY1DMW_CHLORA_2008-08-28.FLOAT.TIFF,2008-08-28,1795051,4684949,123681.187835,234355.971044,330808.394485,420508.147199,854748.713494
MY1DMW_CHLORA_2008-09-05.FLOAT.TIFF,2008-09-05,1784812,4695188,124815.431727,233442.288426,328784.996104,407540.743481,878808.45424
MY1DMW_CHLORA_2008-09-13.FLOAT.TIFF,2008-09-13,1832060,4647940,129811.151412,227216.197097,326780.645155,412152.081289,738051.616909
MY1DMW_CHLORA_2008-09-21.FLOAT.TIFF,2008-09-21,1797416,4682584,127929.609502,222324.551372,322548.897562,402751.733077,822345.877521
MY1DMW_CHLORA_2008-09-29.FLOAT.TIFF,2008-09-29,1873945,4606055,133613.751578,236051.811411,329610.682237,406140.051871,767486.617592
MY1DMW_CHLORA_2008-10-07.FLOAT.TIFF,2008-10-07,1846310,4633690,131498.262425,240695.051856,330783.857291,397061.454223,786389.373554
MY1DMW_CHLORA_2008-10-15.FLOAT.TIFF,2008-10-15,1831526,4648474,134410.629936,243422.779647,321257.860411,385969.113924,664928.196419
MY1DMW_CHLORA_2008-10-23.FLOAT.TIFF,2008-10-23,1686339,4793661,121371.932072,218655.568506,294169.468186,348602.738301,595060.952971
MY1DMW_CHLORA_2008-10-31.FLOAT.TIFF,2008-10-31,1794248,4685752,131112.811208,241285.214592,305555.132696,356079.345413,572698.017392
MY1DMW_CHLORA_2008-11-08.FLOAT.TIFF,2008-11-08,1703550,4776450,119903.095736,229480.273179,297430.190578,349985.635796,549991.946717
MY1DMW_CHLORA_2008-11-16.FLOAT.TIFF,2008-11-16,1613019,4866981,111774.756496,217772.101644,284611.414513,328555.45666,522336.487764
MY1DMW_CHLORA_2008-11-24.FLOAT.TIFF,2008-11-24,1703743,4776257,119566.20399,223560.240985,299876.450091,355362.980094,536030.688858
MY1DMW_CHLORA_2008-12-02.FLOAT.TIFF,2008-12-02,1759560,4720440,122779.31391,236381.195833,315320.459363,367208.220817,555564.963039
MY1DMW_CHLORA_2008-12-10.FLOAT.TIFF,2008-12-10,1742643,4737357,121071.137366,228968.752551,309675.44878,367837.915868,535812.738154
MY1DMW_CHLORA_2008-12-18.FLOAT.TIFF,2008-12-18,1770163,4709837,123181.707084,240797.127271,320390.890585,371555.82949,548599.816358
MY1DMW_CHLORA_2008-12-26.FLOAT.TIFF,2008-12-26,1505423,4974577,101002.219352,207832.583246,271866.31475,312155.044553,478409.00261
MY1DMW_CHLORA_2009-01-01.FLOAT.TIFF,2009-01-01,1738372,4741628,119973.884641,236800.70585,310964.027804,357662.077675,523916.815001
MY1DMW_CHLORA_2009-01-09.FLOAT.TIFF,2009-01-09,1769220,4710780,120610.621497,239047.600355,315930.75798,372617.63972,564526.947458
MY1DMW_CHLORA_2009-01-17.FLOAT.TIFF,2009-01-17,1910278,4569722,135709.83099,257421.542187,339824.597148,397535.817178,591370.788561
MY1DMW_CHLORA_2009-01-25.FLOAT.TIFF,2009-01-25,1885039,4594961,130896.54954,245971.968551,327593.575087,387343.419831,574735.552339
MY1DMW_CHLORA_2009-02-02.FLOAT.TIFF,2009-02-02,1902027,4577973,131756.09309,259154.163834,342672.184832,401758.709598,590560.43169
MY1DMW_CHLORA_2009-02-10.FLOAT.TIFF,2009-02-10,1894470,4585530,133486.159801,256655.763286,333036.645764,398098.840214,607469.549954
MY1DMW_CHLORA_2009-02-18.FLOAT.TIFF,2009-02-18,1977356,4502644,140114.704672,272923.560198,363886.95267,431197.111604,643198.040651
MY1DMW_CHLORA_2009-02-26.FLOAT.TIFF,2009-02-26,1906287,4573713,128992.450465,264650.911935,348052.645721,407387.960321,622935.807299
MY1DMW_CHLORA_2009-03-06.FLOAT.TIFF,2009-03-06,1845632,4634368,127504.832992,251006.534493,331918.778219,389096.343981,584287.155836
MY1DMW_CHLORA_2009-03-14.FLOAT.TIFF,2009-03-14,1896640,4583360,132539.540334,258367.085504,338438.643055,395129.278723,690046.380945
MY1DMW_CHLORA_2009-03-22.FLOAT.TIFF,2009-03-22,1867043,4612957,130217.724058,252829.041718,330099.803791,388841.488183,639334.942511
MY1DMW_CHLORA_2009-03-30.FLOAT.TIFF,2009-03-30,1863303,4616697,129714.585236,253315.592223,326647.523323,383081.732611,680732.029127
MY1DMW_CHLORA_2009-04-07.FLOAT.TIFF,2009-04-07,1799921,4680079,120444.059486,243004.407215,310005.930775,370746.825595,699561.229928
MY1DMW_CHLORA_2009-04-15.FLOAT.TIFF,2009-04-15,1763849,4716151,115142.606637,227086.373077,301887.814361,366101.797134,776010.838621
MY1DMW_CHLORA_2009-04-23.FLOAT.TIFF,2009-04-23,1684353,4795647,111696.012625,215247.791932,291014.667407,358116.807367,781315.346435
MY1DMW_CHLORA_2009-05-01.FLOAT.TIFF,2009-05-01,1734218,4745782,114380.210954,220686.166764,293071.509178,358526.931153,811958.344358
MY1DMW_CHLORA_2009-05-09.FLOAT.TIFF,2009-05-09,1689188,4790812,112676.106119,202161.045846,281090.807345,363607.176356,932251.30612
MY1DMW_CHLORA_2009-05-17.FLOAT.TIFF,2009-05-17,1631497,4848503,110660.345915,193327.840451,276022.242425,360152.48551,876719.498596
MY1DMW_CHLORA_2009-05-25.FLOAT.TIFF,2009-05-25,1658283,4821717,113853.672415,192103.684179,272913.418711,357794.468848,921696.880217
MY1DMW_CHLORA_2009-06-02.FLOAT.TIFF,2009-06-02,1623531,4856469,115125.016633,189277.2761,263008.776285,349907.022935,768834.438438
MY1DMW_CHLORA_2009-06-10.FLOAT.TIFF,2009-06-10,1694954,4785046,116077.683258,197917.062477,279802.297744,371631.91007,833898.723639
MY1DMW_CHLORA_2009-06-18.FLOAT.TIFF,2009-06-18,1627522,4852478,113156.451184,193190.674788,273980.613021,362878.213136,771676.865184
MY1DMW_CHLORA_2009-06-26.FLOAT.TIFF,2009-06-26,1629393,4850607,116221.8683,193337.867775,265145.915559,334822.535178,731400.137877
MY1DMW_CHLORA_2009-07-04.FLOAT.TIFF,2009-07-04,1588807,4891193,112262.764778,190959.641717,270667.933458,344251.48061,762692.90113
MY1DMW_CHLORA_2009-07-12.FLOAT.TIFF,2009-07-12,1624034,4855966,111315.188874,205852.738372,295536.111672,372777.831312,825406.992221
MY1DMW_CHLORA_2009-07-20.FLOAT.TIFF,2009-07-20,1700528,4779472,115486.024283,224862.655631,315130.913504,389599.767418,908139.948151
MY1DMW_CHLORA_2009-07-28.FLOAT.TIFF,2009-07-28,1659091,4820909,115239.500479,226266.603057,301243.180723,367263.295882,844253.791851
MY1DMW_CHLORA_2009-08-05.FLOAT.TIFF,2009-08-05,1651686,4828314,116391.262768,218074.786271,286165.039675,345590.59137,881852.227784
MY1DMW_CHLORA_2009-08-13.FLOAT.TIFF,2009-08-13,1817766,4662234,128193.803203,236703.400203,316630.350778,388070.616017,988817.862475
MY1DMW_CHLORA_2009-08-21.FLOAT.TIFF,2009-08-21,1897908,4582092,125099.91641,245135.707561,353642.973459,456320.432715,1079086.60175
MY1DMW_CHLORA_2009-08-29.FLOAT.TIFF,2009-08-29,1844510,4635490,125088.44831,236422.403788,340258.600715,432373.204396,988049.747919
MY1DMW_CHLORA_2009-09-06.FLOAT.TIFF,2009-09-06,1794483,4685517,121246.718405,221940.00561,327421.465196,424466.70369,1027277.86447
MY1DMW_CHLORA_2009-09-14.FLOAT.TIFF,2009-09-14,1889869,4590131,134663.172376,243140.896635,331521.033114,408774.651883,904041.556915
MY1DMW_CHLORA_2009-09-22.FLOAT.TIFF,2009-09-22,1762382,4717618,124207.178353,227703.129676,313437.408326,375440.435606,796168.237952
MY1DMW_CHLORA_2009-09-30.FLOAT.TIFF,2009-09-30,1750290,4729710,123646.015644,224439.802092,298707.322014,360277.015787,749786.598036
MY1DMW_CHLORA_2009-10-08.FLOAT.TIFF,2009-10-08,1884033,4595967,137262.006087,245166.769939,316593.360627,372453.779097,758776.692116
MY1DMW_CHLORA_2009-10-16.FLOAT.TIFF,2009-10-16,1862461,4617539,127820.28638,244635.774529,319242.477048,375198.723064,712778.989371
MY1DMW_CHLORA_2009-10-24.FLOAT.TIFF,2009-10-24,1720876,4759124,119613.50919,229577.740335,290030.939506,340987.834868,632506.034159
MY1DMW_CHLORA_2009-11-01.FLOAT.TIFF,2009-11-01,1708059,4771941,120242.366962,222606.005424,282013.887867,330204.30888,589146.559895
MY1DMW_CHLORA_2009-11-09.FLOAT.TIFF,2009-11-09,1750251,4729749,121414.251615,234089.345753,292233.5223,342867.949322,578046.063106
MY1DMW_CHLORA_2009-11-17.FLOAT.TIFF,2009-11-17,1604482,4875518,110324.753632,208561.484169,272870.014374,331298.850974,565193.746513
MY1DMW_CHLORA_2009-11-25.FLOAT.TIFF,2009-11-25,1633940,4846060,110592.292217,220232.15812,286076.501792,341149.132808,568011.335837
MY1DMW_CHLORA_2009-12-03.FLOAT.TIFF,2009-12-03,1724701,4755299,117575.633827,231542.104629,297728.85179,348177.192457,525318.813144
MY1DMW_CHLORA_2009-12-11.FLOAT.TIFF,2009-12-11,1758210,4721790,121388.717921,233019.392085,304721.874839,353263.280329,525605.213148
MY1DMW_CHLORA_2009-12-19.FLOAT.TIFF,2009-12-19,1728116,4751884,118995.896381,229535.972081,303579.815839,359171.311965,546010.875254
MY1DMW_CHLORA_2009-12-27.FLOAT.TIFF,2009-12-27,1311221,5168779,90114.3022147,168632.979508,225648.857704,271575.425703,454705.618703
MY1DMW_CHLORA_2010-01-01.FLOAT.TIFF,2010-01-01,1763731,4716269,124527.306112,233141.088187,304538.729197,353676.984161,516539.877717
MY1DMW_CHLORA_2010-01-09.FLOAT.TIFF,2010-01-09,1755984,4724016,122738.778256,239489.873603,316148.137779,369885.151438,565748.563361
MY1DMW_CHLORA_2010-01-17.FLOAT.TIFF,2010-01-17,1798451,4681549,123855.773882,241966.807238,313602.472535,375605.908611,606510.057671
MY1DMW_CHLORA_2010-01-25.FLOAT.TIFF,2010-01-25,1859212,4620788,129212.547889,251361.437735,332449.88486,398226.913845,637665.240525
MY1DMW_CHLORA_2010-02-02.FLOAT.TIFF,2010-02-02,1928221,4551779,132350.406546,260732.498344,340439.18018,406737.326198,619668.074709
MY1DMW_CHLORA_2010-02-10.FLOAT.TIFF,2010-02-10,1937844,4542156,135265.805063,259838.927128,338744.747416,400426.872213,641000.410238
MY1DMW_CHLORA_2010-02-18.FLOAT.TIFF,2010-02-18,2010983,4469017,136250.234727,272834.895425,364395.897197,429291.273186,646704.092948
MY1DMW_CHLORA_2010-02-26.FLOAT.TIFF,2010-02-26,1965382,4514618,136845.051508,273120.13014,360093.734955,422828.424675,658342.829673
MY1DMW_CHLORA_2010-03-06.FLOAT.TIFF,2010-03-06,1931748,4548252,132294.770155,263252.170673,354031.521714,412517.507855,645470.817517
MY1DMW_CHLORA_2010-03-14.FLOAT.TIFF,2010-03-14,1876055,4603945,128217.140047,252513.365728,338940.225559,403202.745082,652566.241812
MY1DMW_CHLORA_2010-03-22.FLOAT.TIFF,2010-03-22,1812488,4667512,126345.369451,242387.428526,310180.86635,365424.318203,642834.844301
MY1DMW_CHLORA_2010-03-30.FLOAT.TIFF,2010-03-30,1765921,4714079,119316.985752,235123.477087,312598.43101,365221.394948,704584.263064
MY1DMW_CHLORA_2010-04-07.FLOAT.TIFF,2010-04-07,1786676,4693324,119069.785343,232392.260591,310029.216927,371476.473286,786457.845285
MY1DMW_CHLORA_2010-04-15.FLOAT.TIFF,2010-04-15,1720381,4759619,113362.298004,219835.337465,293404.544568,357548.561086,805855.530647
MY1DMW_CHLORA_2010-04-23.FLOAT.TIFF,2010-04-23,1733700,4746300,113260.116673,214153.333666,295196.935358,369127.136465,885430.189166
MY1DMW_CHLORA_2010-05-01.FLOAT.TIFF,2010-05-01,1707504,4772496,110052.040471,201854.611557,284703.411526,370973.207655,978250.410983
MY1DMW_CHLORA_2010-05-09.FLOAT.TIFF,2010-05-09,1620517,4859483,102477.623302,191191.084982,272240.744032,361498.049793,1015291.38336
MY1DMW_CHLORA_2010-05-17.FLOAT.TIFF,2010-05-17,1681356,4798644,107850.938167,197370.978554,286331.673603,377030.554332,1009134.8315
MY1DMW_CHLORA_2010-05-25.FLOAT.TIFF,2010-05-25,1634090,4845910,106711.775664,190803.255021,275598.749529,363829.359436,837065.04853
MY1DMW_CHLORA_2010-06-02.FLOAT.TIFF,2010-06-02,1603438,4876562,106004.974621,191066.985728,275727.679862,368136.623618,819995.37557
MY1DMW_CHLORA_2010-06-10.FLOAT.TIFF,2010-06-10,1537121,4942879,101664.209095,182989.436915,264803.464417,354842.543651,748441.756196
MY1DMW_CHLORA_2010-06-18.FLOAT.TIFF,2010-06-18,1565426,4914574,102238.308559,200512.895702,288023.078263,373094.226514,748558.94935
MY1DMW_CHLORA_2010-06-26.FLOAT.TIFF,2010-06-26,1529483,4950517,102039.063577,194668.600292,274033.605843,352785.418646,771144.936516
MY1DMW_CHLORA_2010-07-04.FLOAT.TIFF,2010-07-04,1591632,4888368,108493.380565,210333.097928,282912.593635,355757.723004,778004.149969
MY1DMW_CHLORA_2010-07-12.FLOAT.TIFF,2010-07-12,1617939,4862061,108302.418113,212325.634512,291839.259197,370604.858119,783475.17515
MY1DMW_CHLORA_2010-07-20.FLOAT.TIFF,2010-07-20,1640411,4839589,108773.905784,222003.646592,302846.178155,378377.106506,869736.035814
MY1DMW_CHLORA_2010-07-28.FLOAT.TIFF,2010-07-28,1706653,4773347,115297.23678,233076.29847,314708.05686,386776.161069,872413.412639
MY1DMW_CHLORA_2010-08-05.FLOAT.TIFF,2010-08-05,1756910,4723090,116646.808133,237133.196568,339559.356531,430637.07404,936747.223346
MY1DMW_CHLORA_2010-08-13.FLOAT.TIFF,2010-08-13,1814595,4665405,116841.564574,234800.530421,343020.181819,450476.111497,1075302.18385
MY1DMW_CHLORA_2010-08-21.FLOAT.TIFF,2010-08-21,1883169,4596831,123371.105923,252897.505492,350285.099179,459636.769982,959254.78146
MY1DMW_CHLORA_2010-08-29.FLOAT.TIFF,2010-08-29,1868540,4611460,124651.123161,242238.582744,344018.07168,444304.348712,935847.122416
MY1DMW_CHLORA_2010-09-06.FLOAT.TIFF,2010-09-06,1943206,4536794,133419.126284,244005.202162,344360.759186,460911.626616,993298.54027
MY1DMW_CHLORA_2010-09-14.FLOAT.TIFF,2010-09-14,1885401,4594599,134106.740184,237920.316536,330997.308842,433507.197809,808256.008478
MY1DMW_CHLORA_2010-09-22.FLOAT.TIFF,2010-09-22,1885742,4594258,131002.049196,236962.535251,339478.248957,440467.769478,886423.027151
MY1DMW_CHLORA_2010-09-30.FLOAT.TIFF,2010-09-30,1761172,4718828,119415.729314,224691.013077,322480.16354,415250.849933,817106.49408
MY1DMW_CHLORA_2010-10-08.FLOAT.TIFF,2010-10-08,1817042,4662958,123187.877079,234273.93768,319005.522335,401013.612607,813275.731488
MY1DMW_CHLORA_2010-10-16.FLOAT.TIFF,2010-10-16,1870983,4609017,129189.426774,249636.009124,331377.522655,401966.040856,724945.67541
MY1DMW_CHLORA_2010-10-24.FLOAT.TIFF,2010-10-24,1770763,4709237,125860.475327,236923.710423,304898.931264,370507.505111,672172.997465
MY1DMW_CHLORA_2010-11-01.FLOAT.TIFF,2010-11-01,1719175,4760825,121871.45544,224720.882995,284890.197514,338246.971549,541462.395802
MY1DMW_CHLORA_2010-11-09.FLOAT.TIFF,2010-11-09,1722266,4757734,120635.224865,227011.486478,289760.056327,350955.881307,606332.5655
MY1DMW_CHLORA_2010-11-17.FLOAT.TIFF,2010-11-17,1705858,4774142,110644.419193,226047.693701,303500.508968,368542.577859,566892.988068
MY1DMW_CHLORA_2010-11-25.FLOAT.TIFF,2010-11-25,1629054,4850946,106173.594273,216401.600727,283121.517937,342751.003809,544073.432386
MY1DMW_CHLORA_2010-12-03.FLOAT.TIFF,2010-12-03,1713362,4766638,113604.530177,226695.656227,297143.370104,356788.762799,589007.146905
MY1DMW_CHLORA_2010-12-11.FLOAT.TIFF,2010-12-11,1706079,4773921,110234.733457,226242.949472,301878.029661,355383.295112,553065.056322
MY1DMW_CHLORA_2010-12-19.FLOAT.TIFF,2010-12-19,1717914,4762086,112280.353608,222625.155059,289545.069363,338708.479673,534753.484645
MY1DMW_CHLORA_2010-12-27.FLOAT.TIFF,2010-12-27,1295390,5184610,84302.8544476,169324.678041,222551.59295,262547.819186,417873.30968
MY1DMW_CHLORA_2011-01-01.FLOAT.TIFF,2011-01-01,1780675,4699325,117876.756761,245524.012646,317603.350701,371229.867219,582198.70304
MY1DMW_CHLORA_2011-01-09.FLOAT.TIFF,2011-01-09,1791162,4688838,117110.931997,242889.282769,317387.502904,369816.272296,551823.454567
MY1DMW_CHLORA_2011-01-17.FLOAT.TIFF,2011-01-17,1869666,4610334,127969.599974,251595.234128,317239.406185,369067.391238,585357.417303
MY1DMW_CHLORA_2011-01-25.FLOAT.TIFF,2011-01-25,1911875,4568125,125951.94645,261815.489299,342085.161716,405081.208392,615989.793134
MY1DMW_CHLORA_2011-02-02.FLOAT.TIFF,2011-02-02,1900777,4579223,125774.502323,252237.737273,335244.543827,405050.569827,689479.528828
MY1DMW_CHLORA_2011-02-10.FLOAT.TIFF,2011-02-10,1975838,4504162,133923.922145,264422.118673,361218.117776,434642.681068,707796.452209
MY1DMW_CHLORA_2011-02-18.FLOAT.TIFF,2011-02-18,1983648,4496352,130944.674898,269973.716094,376848.020732,451304.255523,785287.419205
MY1DMW_CHLORA_2011-02-26.FLOAT.TIFF,2011-02-26,2074552,4405448,139430.349357,284936.46306,389824.137149,458719.364296,775963.577562
MY1DMW_CHLORA_2011-03-06.FLOAT.TIFF,2011-03-06,2055869,4424131,138413.021505,286301.073663,380697.639802,440399.037674,760925.52425
MY1DMW_CHLORA_2011-03-14.FLOAT.TIFF,2011-03-14,1969425,4510575,130847.373698,273628.031589,360983.752296,424629.274841,735469.02358
MY1DMW_CHLORA_2011-03-22.FLOAT.TIFF,2011-03-22,1864981,4615019,125930.650081,247933.268372,328089.848053,393595.019068,767551.11299
MY1DMW_CHLORA_2011-03-30.FLOAT.TIFF,2011-03-30,1781404,4698596,116875.014238,242620.367502,317541.646799,383061.796532,748815.703283
MY1DMW_CHLORA_2011-04-07.FLOAT.TIFF,2011-04-07,1868825,4611175,126415.209298,241246.870764,314683.084259,385728.668926,924443.313891
MY1DMW_CHLORA_2011-04-15.FLOAT.TIFF,2011-04-15,1842429,4637571,122981.163281,238008.378351,315776.589785,389537.715462,987714.923728
MY1DMW_CHLORA_2011-04-23.FLOAT.TIFF,2011-04-23,1748115,4731885,113398.966888,220064.293819,296852.335132,374480.258544,1030594.3313
MY1DMW_CHLORA_2011-05-01.FLOAT.TIFF,2011-05-01,1602949,4877051,108061.21487,190622.564339,256006.956204,333557.619997,1057774.68509
MY1DMW_CHLORA_2011-05-09.FLOAT.TIFF,2011-05-09,1695250,4784750,117619.471975,198401.043688,264923.98224,339442.114516,980283.965691
MY1DMW_CHLORA_2011-05-17.FLOAT.TIFF,2011-05-17,1595427,4884573,113230.896878,189214.607987,260163.577992,335639.422389,810724.809442
MY1DMW_CHLORA_2011-05-25.FLOAT.TIFF,2011-05-25,1547689,4932311,106982.468333,182449.201324,262926.254655,346121.575903,887545.794441
MY1DMW_CHLORA_2011-06-02.FLOAT.TIFF,2011-06-02,1597339,4882661,114622.720932,189787.372472,270088.084349,358433.081675,892000.535763
MY1DMW_CHLORA_2011-06-10.FLOAT.TIFF,2011-06-10,1484103,4995897,109570.022079,166373.627142,242394.37043,326915.556466,754687.254143
MY1DMW_CHLORA_2011-06-18.FLOAT.TIFF,2011-06-18,1461586,5018414,107310.47115,172709.330072,249941.994775,325259.983744,661232.033459
MY1DMW_CHLORA_2011-06-26.FLOAT.TIFF,2011-06-26,1471668,5008332,103582.935926,179286.165519,263104.10396,343838.74105,756212.303983
MY1DMW_CHLORA_2011-07-04.FLOAT.TIFF,2011-07-04,1600536,4879464,116665.180965,202957.713199,286077.61047,362768.836822,836891.279221
MY1DMW_CHLORA_2011-07-12.FLOAT.TIFF,2011-07-12,1626388,4853612,117297.766608,212053.521809,303084.698499,375372.995576,877487.822457
MY1DMW_CHLORA_2011-07-20.FLOAT.TIFF,2011-07-20,1626486,4853514,115214.820422,215661.3331,305974.928832,376492.395142,824310.204586
MY1DMW_CHLORA_2011-07-28.FLOAT.TIFF,2011-07-28,1695003,4784997,123216.364285,231538.587287,320312.624864,394711.217669,895251.096372
MY1DMW_CHLORA_2011-08-05.FLOAT.TIFF,2011-08-05,1779915,4700085,129439.129888,240883.222977,334752.982245,408721.929567,951233.037006
MY1DMW_CHLORA_2011-08-13.FLOAT.TIFF,2011-08-13,1871478,4608522,128726.234395,244151.002439,353971.867245,452746.820632,1124762.75195
MY1DMW_CHLORA_2011-08-21.FLOAT.TIFF,2011-08-21,1860067,4619933,131594.469432,254244.856313,361476.450537,450928.657739,833540.018401
MY1DMW_CHLORA_2011-08-29.FLOAT.TIFF,2011-08-29,1797434,4682566,129133.266309,237557.340982,344153.39148,425850.73889,923083.128565
MY1DMW_CHLORA_2011-09-06.FLOAT.TIFF,2011-09-06,1877617,4602383,133341.439777,243806.923309,364637.98935,460083.883732,970222.114801
MY1DMW_CHLORA_2011-09-14.FLOAT.TIFF,2011-09-14,1857549,4622451,132813.436671,243725.523176,350267.053792,440894.431051,869380.043786
MY1DMW_CHLORA_2011-09-22.FLOAT.TIFF,2011-09-22,1857855,4622145,135160.928063,241779.891727,346981.024014,432617.056815,836750.406215
MY1DMW_CHLORA_2011-09-30.FLOAT.TIFF,2011-09-30,1873863,4606137,141277.175892,243246.714196,332306.48347,407107.732559,807868.853121
MY1DMW_CHLORA_2011-10-08.FLOAT.TIFF,2011-10-08,1860024,4619976,138098.809051,242681.129866,326947.418137,401803.24507,792612.032893
MY1DMW_CHLORA_2011-10-16.FLOAT.TIFF,2011-10-16,1894168,4585832,136411.884263,245989.719941,323168.149009,395321.050357,766636.061445
MY1DMW_CHLORA_2011-10-24.FLOAT.TIFF,2011-10-24,1735263,4744737,128823.151284,217579.204607,277863.987327,329551.471836,670083.181326
MY1DMW_CHLORA_2011-11-01.FLOAT.TIFF,2011-11-01,1711738,4768262,123204.801126,216966.719079,280048.498708,335636.008782,620682.763256
MY1DMW_CHLORA_2011-11-09.FLOAT.TIFF,2011-11-09,1734422,4745578,124222.820787,221941.010803,282718.817863,336875.817738,583812.859995
MY1DMW_CHLORA_2011-11-17.FLOAT.TIFF,2011-11-17,1675919,4804081,119480.223915,212811.300225,259077.63765,297999.492915,484528.458737
MY1DMW_CHLORA_2011-11-25.FLOAT.TIFF,2011-11-25,1597774,4882226,111776.777021,209557.894393,264722.531828,311116.776588,496981.059033
MY1DMW_CHLORA_2011-12-03.FLOAT.TIFF,2011-12-03,1571242,4908758,111156.762696,209717.696705,265689.199514,308320.550296,482013.04833
MY1DMW_CHLORA_2011-12-11.FLOAT.TIFF,2011-12-11,1660407,4819593,115298.618129,216891.694426,282017.69017,328465.21591,511558.774276
MY1DMW_CHLORA_2011-12-19.FLOAT.TIFF,2011-12-19,1634693,4845307,115456.965847,221784.0333,283248.549814,326199.350293,475722.362695
MY1DMW_CHLORA_2011-12-27.FLOAT.TIFF,2011-12-27,1306869,5173131,87857.8178275,183622.25339,239991.165662,283710.672968,408247.84422
MY1DMW_CHLORA_2012-01-01.FLOAT.TIFF,2012-01-01,1846032,4633968,130011.385295,263165.810197,334018.730974,388364.885583,588863.195154
MY1DMW_CHLORA_2012-01-09.FLOAT.TIFF,2012-01-09,1867222,4612778,127611.474451,255559.094714,322257.101489,379181.380924,571649.429457
MY1DMW_CHLORA_2012-01-17.FLOAT.TIFF,2012-01-17,1921277,4558723,132576.281065,274392.640438,337458.444953,385352.379488,545368.009083
MY1DMW_CHLORA_2012-01-25.FLOAT.TIFF,2012-01-25,1822268,4657732,126142.225634,257525.35811,328541.19333,379686.031226,539454.142573
MY1DMW_CHLORA_2012-02-02.FLOAT.TIFF,2012-02-02,1888722,4591278,128870.644219,261950.778385,342322.423412,401062.432183,591507.150511
MY1DMW_CHLORA_2012-02-10.FLOAT.TIFF,2012-02-10,2070716,4409284,142149.471104,281628.210924,371046.760116,431771.443042,634103.556542
MY1DMW_CHLORA_2012-02-18.FLOAT.TIFF,2012-02-18,2081868,4398132,143236.661637,285273.286158,368918.871973,422317.92661,668010.306877
MY1DMW_CHLORA_2012-02-26.FLOAT.TIFF,2012-02-26,1837675,4642325,126195.154393,246567.578582,315814.467141,364031.557839,636581.051651
MY1DMW_CHLORA_2012-03-05.FLOAT.TIFF,2012-03-05,1792267,4687733,121136.962601,243895.329827,317735.380423,370102.128994,610399.623617
MY1DMW_CHLORA_2012-03-13.FLOAT.TIFF,2012-03-13,1813654,4666346,128148.224625,252211.488539,315096.416763,365543.119244,636457.764993
MY1DMW_CHLORA_2012-03-21.FLOAT.TIFF,2012-03-21,1871725,4608275,128278.878263,259955.582266,319514.034323,371080.75978,711456.150272
MY1DMW_CHLORA_2012-03-29.FLOAT.TIFF,2012-03-29,1795712,4684288,122988.824314,241002.348811,309448.9879,361393.355152,678686.851705
MY1DMW_CHLORA_2012-04-06.FLOAT.TIFF,2012-04-06,1857793,4622207,126113.213553,242382.54327,310534.110384,375215.114151,647336.47535
MY1DMW_CHLORA_2012-04-14.FLOAT.TIFF,2012-04-14,1751765,4728235,117124.009593,228697.911376,298140.946188,362856.598152,681940.250167
MY1DMW_CHLORA_2012-04-22.FLOAT.TIFF,2012-04-22,1670850,4809150,115934.464827,209082.983968,271900.846748,333230.01035,718854.522343
MY1DMW_CHLORA_2012-04-30.FLOAT.TIFF,2012-04-30,1664364,4815636,115766.548011,198931.431303,270959.735113,335702.893671,841363.246927
MY1DMW_CHLORA_2012-05-08.FLOAT.TIFF,2012-05-08,1745751,4734249,120282.373605,210861.630684,288040.214195,352693.997792,918338.590299
MY1DMW_CHLORA_2012-05-16.FLOAT.TIFF,2012-05-16,1579562,4900438,112889.38276,186424.261299,254739.634389,319890.388305,743510.259598
MY1DMW_CHLORA_2012-05-24.FLOAT.TIFF,2012-05-24,1551250,4928750,107796.532271,182893.504989,262629.230362,340210.868286,835214.666541
MY1DMW_CHLORA_2012-06-01.FLOAT.TIFF,2012-06-01,1526269,4953731,107397.695318,178628.199665,259397.122539,344427.558248,743662.259895
MY1DMW_CHLORA_2012-06-09.FLOAT.TIFF,2012-06-09,1610650,4869350,113906.532689,190276.513295,278629.679149,370171.664028,745148.509129
MY1DMW_CHLORA_2012-06-17.FLOAT.TIFF,2012-06-17,1650518,4829482,116554.266897,204080.079279,296252.239556,391598.668401,768233.423955
MY1DMW_CHLORA_2012-06-25.FLOAT.TIFF,2012-06-25,1645599,4834401,118120.850776,205888.936009,296364.270079,373458.374839,781364.559145
MY1DMW_CHLORA_2012-07-03.FLOAT.TIFF,2012-07-03,1523516,4956484,107793.335026,194510.063462,267965.307654,333563.544641,675458.079722
MY1DMW_CHLORA_2012-07-11.FLOAT.TIFF,2012-07-11,1613642,4866358,112173.738009,217314.655963,301999.175302,378185.595455,794397.445219
MY1DMW_CHLORA_2012-07-19.FLOAT.TIFF,2012-07-19,1618857,4861143,108238.116209,222025.834082,306265.51285,378970.694775,850595.982016
MY1DMW_CHLORA_2012-07-27.FLOAT.TIFF,2012-07-27,1723650,4756350,117976.829069,234219.415294,323642.24487,405005.936112,809559.610687
MY1DMW_CHLORA_2012-08-04.FLOAT.TIFF,2012-08-04,1739741,4740259,121408.185626,231722.452435,311327.620567,383129.100781,823836.068073
MY1DMW_CHLORA_2012-08-12.FLOAT.TIFF,2012-08-12,1817290,4662710,124242.36875,242132.635731,334243.398862,421827.152727,860137.714665
MY1DMW_CHLORA_2012-08-20.FLOAT.TIFF,2012-08-20,1893409,4586591,130108.923193,254829.502763,361964.437857,447689.714064,841163.670599
MY1DMW_CHLORA_2012-08-28.FLOAT.TIFF,2012-08-28,1920545,4559455,135993.759808,245131.728568,356697.219617,462040.6635,861104.358371
MY1DMW_CHLORA_2012-09-05.FLOAT.TIFF,2012-09-05,1918555,4561445,134203.242931,240584.900572,351723.002671,450228.434978,913414.224362
MY1DMW_CHLORA_2012-09-13.FLOAT.TIFF,2012-09-13,1858842,4621158,133876.028405,233729.632199,338527.197043,420577.255962,809419.342504
MY1DMW_CHLORA_2012-09-21.FLOAT.TIFF,2012-09-21,1839573,4640427,134720.512981,228845.232001,328806.559504,404576.41655,727194.281873
MY1DMW_CHLORA_2012-09-29.FLOAT.TIFF,2012-09-29,1889611,4590389,136397.10223,242246.893045,336814.061543,411831.200929,745822.275896
MY1DMW_CHLORA_2012-10-07.FLOAT.TIFF,2012-10-07,1873137,4606863,141078.858536,239546.712256,310480.578796,371402.613351,675162.143154
MY1DMW_CHLORA_2012-10-15.FLOAT.TIFF,2012-10-15,1888268,4591732,135862.615625,240064.860123,314889.87675,370616.118376,599962.865023
MY1DMW_CHLORA_2012-10-23.FLOAT.TIFF,2012-10-23,1824310,4655690,130864.056763,232445.804428,296403.924236,346657.466757,561474.128423
MY1DMW_CHLORA_2012-10-31.FLOAT.TIFF,2012-10-31,1728531,4751469,120863.127722,218135.139817,269023.898671,312127.456396,493179.007371
MY1DMW_CHLORA_2012-11-08.FLOAT.TIFF,2012-11-08,1638731,4841269,115591.85224,210491.430218,267776.798405,306604.600508,471156.998169
MY1DMW_CHLORA_2012-11-16.FLOAT.TIFF,2012-11-16,1729520,4750480,121206.345362,225764.185695,285040.306478,328030.843808,502341.193657
MY1DMW_CHLORA_2012-11-24.FLOAT.TIFF,2012-11-24,1719544,4760456,115322.839516,230477.17692,307278.699137,353384.994386,496407.667419
MY1DMW_CHLORA_2012-12-02.FLOAT.TIFF,2012-12-02,1734161,4745839,117038.827952,230615.098552,306574.194496,351384.541188,493812.381147
MY1DMW_CHLORA_2012-12-10.FLOAT.TIFF,2012-12-10,1734829,4745171,116979.441166,236956.724217,317270.538016,359812.165946,487802.639024
MY1DMW_CHLORA_2012-12-18.FLOAT.TIFF,2012-12-18,1748768,4731232,124356.470712,230597.153124,295261.170905,335301.542515,466834.234064
MY1DMW_CHLORA_2012-12-26.FLOAT.TIFF,2012-12-26,1381607,5098393,97203.4017207,182666.590802,230495.258349,265079.387632,384260.585948
MY1DMW_CHLORA_2013-01-01.FLOAT.TIFF,2013-01-01,1697422,4782578,116606.899559,238355.223361,306185.624812,354000.8483,522096.136255
MY1DMW_CHLORA_2013-01-09.FLOAT.TIFF,2013-01-09,1744889,4735111,120335.519608,235764.798048,308672.194032,366517.453238,549299.084676
MY1DMW_CHLORA_2013-01-17.FLOAT.TIFF,2013-01-17,1866440,4613560,129319.81285,253992.877939,330144.623894,383529.107109,561496.992774
MY1DMW_CHLORA_2013-01-25.FLOAT.TIFF,2013-01-25,1899264,4580736,130578.482172,267638.104865,348602.088972,399042.556906,568062.239842
MY1DMW_CHLORA_2013-02-02.FLOAT.TIFF,2013-02-02,1915634,4564366,138426.229174,269374.679634,338421.664825,382579.196689,530760.845063
MY1DMW_CHLORA_2013-02-10.FLOAT.TIFF,2013-02-10,1942621,4537379,133743.069242,271066.218837,349791.284144,400853.483049,536717.904466
MY1DMW_CHLORA_2013-02-18.FLOAT.TIFF,2013-02-18,1912742,4567258,127217.16404,282345.625367,364376.5011,417715.635767,610823.813519
MY1DMW_CHLORA_2013-02-26.FLOAT.TIFF,2013-02-26,1972897,4507103,138295.223315,284799.302514,358232.079171,405799.623997,592563.905974
MY1DMW_CHLORA_2013-03-06.FLOAT.TIFF,2013-03-06,1949444,4530556,131064.238065,287583.232451,366236.292674,413009.72949,632299.283596
MY1DMW_CHLORA_2013-03-14.FLOAT.TIFF,2013-03-14,2019411,4460589,138922.997214,287822.05169,367665.524514,415064.522512,599117.449473
MY1DMW_CHLORA_2013-03-22.FLOAT.TIFF,2013-03-22,1879080,4600920,127902.486985,264905.538327,335965.241936,384871.56039,587644.511181
MY1DMW_CHLORA_2013-03-30.FLOAT.TIFF,2013-03-30,1849070,4630930,121738.498274,258587.040874,333821.121716,391583.007481,643631.725548
MY1DMW_CHLORA_2013-04-07.FLOAT.TIFF,2013-04-07,1780000,4700000,113022.328914,248984.139345,329019.029921,392794.923184,654780.523285
MY1DMW_CHLORA_2013-04-15.FLOAT.TIFF,2013-04-15,1762634,4717366,120281.402196,232704.583566,306241.59349,368567.018412,754119.586491
MY1DMW_CHLORA_2013-04-23.FLOAT.TIFF,2013-04-23,1849127,4630873,122881.702239,243462.629761,325389.191902,398527.04835,922091.851135
MY1DMW_CHLORA_2013-05-01.FLOAT.TIFF,2013-05-01,1721033,4758967,113986.38077,218235.712164,299090.899102,370928.133604,913677.356576
MY1DMW_CHLORA_2013-05-09.FLOAT.TIFF,2013-05-09,1607572,4872428,111247.302939,199672.8447,275769.264472,348821.440795,786328.269401
MY1DMW_CHLORA_2013-05-17.FLOAT.TIFF,2013-05-17,1632138,4847862,111378.738063,201926.742629,274243.1381,351537.48722,757607.515688
MY1DMW_CHLORA_2013-05-25.FLOAT.TIFF,2013-05-25,1582635,4897365,109966.945362,198046.120346,275393.340745,350642.438932,715174.299566
MY1DMW_CHLORA_2013-06-02.FLOAT.TIFF,2013-06-02,1537890,4942110,108261.807336,190664.021495,275604.593398,357144.074137,805225.556499
MY1DMW_CHLORA_2013-06-10.FLOAT.TIFF,2013-06-10,1531669,4948331,106459.921188,196213.511588,282362.699838,363499.472856,689698.31204
MY1DMW_CHLORA_2013-06-18.FLOAT.TIFF,2013-06-18,1499317,4980683,102452.733293,196096.628745,281085.68573,351645.585798,692781.903025
MY1DMW_CHLORA_2013-06-26.FLOAT.TIFF,2013-06-26,1712285,4767715,115571.309301,227423.587617,332423.037554,421713.279785,752327.22897
MY1DMW_CHLORA_2013-07-04.FLOAT.TIFF,2013-07-04,1670989,4809011,113189.497991,226664.944637,314838.312037,397157.184734,797544.768219
MY1DMW_CHLORA_2013-07-12.FLOAT.TIFF,2013-07-12,1625943,4854057,108130.343843,223207.622532,316409.959395,388005.197584,804534.776116
MY1DMW_CHLORA_2013-07-20.FLOAT.TIFF,2013-07-20,1650927,4829073,106206.369405,232646.997307,326173.947937,404684.523103,798739.906346
MY1DMW_CHLORA_2013-07-28.FLOAT.TIFF,2013-07-28,1721494,4758506,114216.14742,244759.986458,330978.695699,409845.079325,821081.957106
MY1DMW_CHLORA_2013-08-05.FLOAT.TIFF,2013-08-05,1826085,4653915,115683.177227,258547.535489,367852.647622,463972.717921,976858.962923
MY1DMW_CHLORA_2013-08-13.FLOAT.TIFF,2013-08-13,1891959,4588041,120997.313456,271966.529181,376979.219803,465450.091208,901669.385647
MY1DMW_CHLORA_2013-08-21.FLOAT.TIFF,2013-08-21,1883406,4596594,119631.755691,264767.053456,374501.862095,458237.763179,841384.647521
MY1DMW_CHLORA_2013-08-29.FLOAT.TIFF,2013-08-29,1990394,4489606,127423.872894,268478.447501,396938.588151,497385.51134,917478.997372
MY1DMW_CHLORA_2013-09-06.FLOAT.TIFF,2013-09-06,1926410,4553590,133572.782391,265632.870328,368434.516556,456440.636288,816650.271138
MY1DMW_CHLORA_2013-09-14.FLOAT.TIFF,2013-09-14,1823122,4656878,126067.905574,252832.158557,352292.245839,438940.447767,780991.753092
MY1DMW_CHLORA_2013-09-22.FLOAT.TIFF,2013-09-22,1837740,4642260,125188.130762,250126.619567,354385.567683,437831.547473,742605.339609
MY1DMW_CHLORA_2013-09-30.FLOAT.TIFF,2013-09-30,1819737,4660263,126823.989517,243771.692816,342976.478704,411200.574497,742092.432169
MY1DMW_CHLORA_2013-10-08.FLOAT.TIFF,2013-10-08,1831931,4648069,127869.347745,242665.390644,341237.501554,414540.450638,749400.187717
MY1DMW_CHLORA_2013-10-16.FLOAT.TIFF,2013-10-16,1782329,4697671,125066.818959,242110.96603,330929.485536,395557.166885,646590.374336
MY1DMW_CHLORA_2013-10-24.FLOAT.TIFF,2013-10-24,1791198,4688802,124581.500977,240095.343367,316972.847617,370478.780407,616872.12762
MY1DMW_CHLORA_2013-11-01.FLOAT.TIFF,2013-11-01,1783485,4696515,122778.187897,243492.986162,321208.935945,376195.178501,574358.647758
MY1DMW_CHLORA_2013-11-09.FLOAT.TIFF,2013-11-09,1707619,4772381,117187.609263,233738.51975,310943.146157,353389.979557,504909.298355
MY1DMW_CHLORA_2013-11-17.FLOAT.TIFF,2013-11-17,1801494,4678506,123576.924865,238672.388902,304443.602342,344465.649006,489069.226293
MY1DMW_CHLORA_2013-11-25.FLOAT.TIFF,2013-11-25,1744012,4735988,117805.086871,237066.645411,298916.736683,340428.195064,495936.486521
MY1DMW_CHLORA_2013-12-03.FLOAT.TIFF,2013-12-03,1691349,4788651,113161.31866,231520.945187,293753.013546,333814.620576,479893.010145
MY1DMW_CHLORA_2013-12-11.FLOAT.TIFF,2013-12-11,1677743,4802257,111225.724902,224364.597515,288141.531198,327321.788291,452365.826089
MY1DMW_CHLORA_2013-12-19.FLOAT.TIFF,2013-12-19,1720709,4759291,111025.561143,236120.355198,311815.379014,358752.77975,512890.326403
MY1DMW_CHLORA_2013-12-27.FLOAT.TIFF,2013-12-27,1363001,5116999,87487.3773674,182637.44928,244969.103253,286378.179141,414687.508807
MY1DMW_CHLORA_2014-01-01.FLOAT.TIFF,2014-01-01,1790958,4689042,120481.462175,238472.269385,314254.870701,365759.285515,541151.644317
MY1DMW_CHLORA_2014-01-09.FLOAT.TIFF,2014-01-09,1771248,4708752,121664.108612,229585.954053,296968.51328,341978.263564,510253.771588
MY1DMW_CHLORA_2014-01-17.FLOAT.TIFF,2014-01-17,1905756,4574244,132561.599602,252024.298017,326886.718625,380484.359547,561866.76704
MY1DMW_CHLORA_2014-01-25.FLOAT.TIFF,2014-01-25,1813825,4666175,123810.290072,246349.658343,332237.340465,389236.012329,612749.795226
MY1DMW_CHLORA_2014-02-02.FLOAT.TIFF,2014-02-02,1857775,4622225,127355.054397,257221.037884,348423.62683,408965.604122,635842.323701
MY1DMW_CHLORA_2014-02-10.FLOAT.TIFF,2014-02-10,1916641,4563359,130607.083993,264365.407192,355870.070798,413768.287282,617660.852034
MY1DMW_CHLORA_2014-02-18.FLOAT.TIFF,2014-02-18,1985152,4494848,133540.441096,280873.558268,375544.243628,433288.262164,698561.173504
MY1DMW_CHLORA_2014-02-26.FLOAT.TIFF,2014-02-26,1897380,4582620,133381.534924,261231.534167,346633.290521,402103.766871,650609.043629
MY1DMW_CHLORA_2014-03-06.FLOAT.TIFF,2014-03-06,1979186,4500814,136838.413187,274080.841401,357443.546126,415134.523198,734560.742687
MY1DMW_CHLORA_2014-03-14.FLOAT.TIFF,2014-03-14,1919029,4560971,132189.296292,270442.117927,354554.228674,414539.689235,749415.388297
MY1DMW_CHLORA_2014-03-22.FLOAT.TIFF,2014-03-22,1898000,4582000,129856.340038,261562.232711,346698.2879,401014.604437,729428.590917
MY1DMW_CHLORA_2014-03-30.FLOAT.TIFF,2014-03-30,1854459,4625541,125065.711173,251218.402146,329830.887747,383706.586814,753924.627722
MY1DMW_CHLORA_2014-04-07.FLOAT.TIFF,2014-04-07,1799621,4680379,119369.920787,236180.494051,316963.281064,385508.890874,810009.918222
MY1DMW_CHLORA_2014-04-15.FLOAT.TIFF,2014-04-15,1777545,4702455,118609.353502,226408.458348,300432.514944,369256.808428,864460.198671
MY1DMW_CHLORA_2014-04-23.FLOAT.TIFF,2014-04-23,1704972,4775028,114750.175221,207513.950526,280340.574228,350367.857429,891756.806416
MY1DMW_CHLORA_2014-05-01.FLOAT.TIFF,2014-05-01,1749038,4730962,118079.442945,207700.921633,275866.663151,350372.193612,983611.297228
MY1DMW_CHLORA_2014-05-09.FLOAT.TIFF,2014-05-09,1767236,4712764,121019.537359,203510.06571,277448.374481,359612.061075,1094337.41095
MY1DMW_CHLORA_2014-05-17.FLOAT.TIFF,2014-05-17,1718862,4761138,118574.661005,195057.117316,275294.213646,356587.07915,998058.465265
MY1DMW_CHLORA_2014-05-25.FLOAT.TIFF,2014-05-25,1546516,4933484,113357.276346,178596.171548,245342.447441,320551.580847,807510.545474
MY1DMW_CHLORA_2014-06-02.FLOAT.TIFF,2014-06-02,1537417,4942583,110637.965847,181505.419676,259839.761407,339983.662811,839189.014073
MY1DMW_CHLORA_2014-06-10.FLOAT.TIFF,2014-06-10,1520052,4959948,104407.352915,185919.725165,270618.074067,344629.396488,789249.381
MY1DMW_CHLORA_2014-06-18.FLOAT.TIFF,2014-06-18,1610183,4869817,113225.43418,203638.90534,285410.11373,363841.690065,719692.838187
MY1DMW_CHLORA_2014-06-26.FLOAT.TIFF,2014-06-26,1581458,4898542,108890.137419,201639.508998,286757.377891,372762.281589,788040.150912
MY1DMW_CHLORA_2014-07-04.FLOAT.TIFF,2014-07-04,1600618,4879382,109150.969986,210751.769895,308490.20235,388544.403777,819382.768967
MY1DMW_CHLORA_2014-07-12.FLOAT.TIFF,2014-07-12,1680678,4799322,113409.298185,223576.700424,317146.566467,399258.732057,819766.758695
MY1DMW_CHLORA_2014-07-20.FLOAT.TIFF,2014-07-20,1662937,4817063,107316.271611,231994.507779,325669.198427,410180.998811,927755.049951
MY1DMW_CHLORA_2014-07-28.FLOAT.TIFF,2014-07-28,1784255,4695745,118862.322213,251766.275477,345205.271677,433411.674645,977109.011967
MY1DMW_CHLORA_2014-08-05.FLOAT.TIFF,2014-08-05,1840098,4639902,120743.188371,255581.83465,370450.641555,461592.400766,956911.622026
MY1DMW_CHLORA_2014-08-13.FLOAT.TIFF,2014-08-13,1867283,4612717,119747.325756,258297.942296,367679.853273,468785.742947,943647.010706
MY1DMW_CHLORA_2014-08-21.FLOAT.TIFF,2014-08-21,1952687,4527313,125497.041776,267757.721022,387817.251649,491239.866442,965264.695993
MY1DMW_CHLORA_2014-08-29.FLOAT.TIFF,2014-08-29,1971276,4508724,124652.053702,269744.456484,401377.844222,498911.293704,891260.009941
MY1DMW_CHLORA_2014-09-06.FLOAT.TIFF,2014-09-06,1980088,4499912,131713.620727,271516.954819,395268.663218,492162.629665,901992.966217
MY1DMW_CHLORA_2014-09-14.FLOAT.TIFF,2014-09-14,1967588,4512412,131420.611685,264100.765866,376090.983552,466768.935454,776216.270465
MY1DMW_CHLORA_2014-09-22.FLOAT.TIFF,2014-09-22,1920102,4559898,131920.168682,270263.552175,372456.994199,453702.407318,764971.845422
MY1DMW_CHLORA_2014-09-30.FLOAT.TIFF,2014-09-30,1879730,4600270,128802.056238,265871.240489,362789.207552,435942.688424,725195.554695
MY1DMW_CHLORA_2014-10-08.FLOAT.TIFF,2014-10-08,1895525,4584475,129854.77451,266685.291854,358837.038762,434444.363572,693111.693589
MY1DMW_CHLORA_2014-10-16.FLOAT.TIFF,2014-10-16,1835729,4644271,127848.876314,247638.382955,333142.799344,410655.469788,675692.574527
MY1DMW_CHLORA_2014-10-24.FLOAT.TIFF,2014-10-24,1828248,4651752,133572.137987,250561.059889,323199.807196,384786.802732,613068.586928
MY1DMW_CHLORA_2014-11-01.FLOAT.TIFF,2014-11-01,1715594,4764406,120359.873565,238047.896772,306923.313386,357974.817061,566374.750127
MY1DMW_CHLORA_2014-11-09.FLOAT.TIFF,2014-11-09,1755917,4724083,119196.649473,235803.096559,305088.38231,359156.064337,567354.9924
MY1DMW_CHLORA_2014-11-17.FLOAT.TIFF,2014-11-17,1737156,4742844,113954.587064,242390.970664,317357.725119,365462.081577,526810.363107
MY1DMW_CHLORA_2014-11-25.FLOAT.TIFF,2014-11-25,1679186,4800814,116748.351522,226022.256414,292932.951343,339596.490807,483216.790622
MY1DMW_CHLORA_2014-12-03.FLOAT.TIFF,2014-12-03,1690948,4789052,116001.256933,224844.811924,284431.120954,323902.92647,493948.072775
MY1DMW_CHLORA_2014-12-11.FLOAT.TIFF,2014-12-11,1662064,4817936,114422.579922,213995.89894,275217.758569,322059.342044,498013.615362
MY1DMW_CHLORA_2014-12-19.FLOAT.TIFF,2014-12-19,1655494,4824506,112404.638965,221905.917725,282922.800986,331607.536763,507468.05479
MY1DMW_CHLORA_2014-12-27.FLOAT.TIFF,2014-12-27,1295496,5184504,87538.1196514,173791.633861,223502.939121,259923.19346,384427.164197
MY1DMW_CHLORA_2015-01-01.FLOAT.TIFF,2015-01-01,1783296,4696704,126541.647115,238358.819063,304948.748892,350642.24053,513967.752211
MY1DMW_CHLORA_2015-01-09.FLOAT.TIFF,2015-01-09,1789020,4690980,128568.334104,235327.648495,300897.557392,348160.669041,524767.807308
MY1DMW_CHLORA_2015-01-17.FLOAT.TIFF,2015-01-17,1938695,4541305,138193.185893,256568.248374,331701.803701,384626.893518,562825.528735
MY1DMW_CHLORA_2015-01-25.FLOAT.TIFF,2015-01-25,1900515,4579485,136892.075583,255514.676227,329638.771198,376135.332299,561984.328818
MY1DMW_CHLORA_2015-02-02.FLOAT.TIFF,2015-02-02,1984278,4495722,139164.523077,268774.474609,342889.341321,393971.164029,633052.846025
MY1DMW_CHLORA_2015-02-10.FLOAT.TIFF,2015-02-10,1946109,4533891,134085.98084,270029.785596,347609.160306,396701.602753,696956.490209
MY1DMW_CHLORA_2015-02-18.FLOAT.TIFF,2015-02-18,2035336,4444664,142982.777125,282854.762964,368805.14374,426685.793511,756669.838591
MY1DMW_CHLORA_2015-02-26.FLOAT.TIFF,2015-02-26,1967675,4512325,135425.632046,269033.554017,359665.007616,417309.117892,750920.731684
MY1DMW_CHLORA_2015-03-06.FLOAT.TIFF,2015-03-06,1837271,4642729,123938.63603,253914.138694,342147.089825,400314.791241,770242.129294
MY1DMW_CHLORA_2015-03-14.FLOAT.TIFF,2015-03-14,1962239,4517761,131073.895164,269828.650372,362420.375467,420874.556078,839780.954415
MY1DMW_CHLORA_2015-03-22.FLOAT.TIFF,2015-03-22,2010181,4469819,141044.435557,271804.609335,368131.075414,431215.819096,808285.497692
MY1DMW_CHLORA_2015-03-30.FLOAT.TIFF,2015-03-30,1835297,4644703,126111.12557,237384.189626,331779.948178,400583.881004,814667.909556
MY1DMW_CHLORA_2015-04-07.FLOAT.TIFF,2015-04-07,1859206,4620794,125203.168855,242932.747551,322630.606985,392853.413277,885602.453972
MY1DMW_CHLORA_2015-04-15.FLOAT.TIFF,2015-04-15,1759251,4720749,114052.000291,224616.19777,307344.046542,377957.3514,1031683.31855
MY1DMW_CHLORA_2015-04-23.FLOAT.TIFF,2015-04-23,1744067,4735933,116710.341697,220506.125404,295758.100981,377946.452192,984808.098955
MY1DMW_CHLORA_2015-05-01.FLOAT.TIFF,2015-05-01,1668966,4811034,111725.535033,201644.568386,277248.80658,368770.287447,1167022.00457
MY1DMW_CHLORA_2015-05-09.FLOAT.TIFF,2015-05-09,1606065,4873935,108960.666268,193624.623661,276038.172641,365361.854922,979729.993796
MY1DMW_CHLORA_2015-05-17.FLOAT.TIFF,2015-05-17,1651825,4828175,111793.821664,197090.795518,278818.65767,375747.659178,1217893.30959
MY1DMW_CHLORA_2015-05-25.FLOAT.TIFF,2015-05-25,1653798,4826202,113357.281311,198577.815053,282311.294866,368622.264612,985273.619826
MY1DMW_CHLORA_2015-06-02.FLOAT.TIFF,2015-06-02,1734034,4745966,116739.797202,210547.227499,303441.68747,407245.31962,1080210.83987
MY1DMW_CHLORA_2015-06-10.FLOAT.TIFF,2015-06-10,1514373,4965627,101901.515039,183912.896853,267421.473099,362936.184164,965706.009874
MY1DMW_CHLORA_2015-06-18.FLOAT.TIFF,2015-06-18,1484271,4995729,100866.741613,187823.973302,268448.08839,357091.716421,768860.566183
MY1DMW_CHLORA_2015-06-26.FLOAT.TIFF,2015-06-26,1562495,4917505,105479.32879,213049.509543,302213.768432,384179.170291,832289.228451
MY1DMW_CHLORA_2015-07-04.FLOAT.TIFF,2015-07-04,1622620,4857380,112182.214039,221215.82096,306615.847957,389645.482771,806156.661306
MY1DMW_CHLORA_2015-07-12.FLOAT.TIFF,2015-07-12,1587457,4892543,106379.219376,213839.422129,303646.16249,388574.930218,818267.111508
MY1DMW_CHLORA_2015-07-20.FLOAT.TIFF,2015-07-20,1657041,4822959,107973.48692,231826.151312,324929.032892,398510.298985,867142.927646
MY1DMW_CHLORA_2015-07-28.FLOAT.TIFF,2015-07-28,1768996,4711004,111963.986647,253315.483757,361529.411526,452560.417749,976755.30751
MY1DMW_CHLORA_2015-08-05.FLOAT.TIFF,2015-08-05,1715804,4764196,107723.521004,251036.825088,348299.297387,425811.254519,817682.254148
MY1DMW_CHLORA_2015-08-13.FLOAT.TIFF,2015-08-13,1843607,4636393,118635.816067,263219.584562,367617.791316,469210.750479,904181.038753
MY1DMW_CHLORA_2015-08-21.FLOAT.TIFF,2015-08-21,1879638,4600362,122585.757712,268144.485289,369006.071405,472813.724969,949403.506093
MY1DMW_CHLORA_2015-08-29.FLOAT.TIFF,2015-08-29,1907934,4572066,125268.49423,266024.308365,372095.055838,471353.418959,920580.184066
MY1DMW_CHLORA_2015-09-06.FLOAT.TIFF,2015-09-06,1918827,4561173,124784.410626,266277.237995,386553.188178,485682.244681,965503.616977
MY1DMW_CHLORA_2015-09-14.FLOAT.TIFF,2015-09-14,1944196,4535804,122612.35467,273223.102978,392803.749669,493363.723175,840054.692023
MY1DMW_CHLORA_2015-09-22.FLOAT.TIFF,2015-09-22,1936841,4543159,125910.813745,270439.145194,385060.742798,465841.468966,810722.188358
MY1DMW_CHLORA_2015-09-30.FLOAT.TIFF,2015-09-30,1898244,4581756,125092.809239,260476.447682,384535.269708,481226.385639,818449.445008
MY1DMW_CHLORA_2015-10-08.FLOAT.TIFF,2015-10-08,1847778,4632222,126118.526457,259909.55842,364069.141247,436202.332308,681785.970132
MY1DMW_CHLORA_2015-10-16.FLOAT.TIFF,2015-10-16,1812906,4667094,118956.705975,258918.413991,353810.342452,418430.861625,595019.606645
MY1DMW_CHLORA_2015-10-24.FLOAT.TIFF,2015-10-24,1829115,4650885,127325.409737,251686.451048,316567.43846,367530.457016,537290.473953
MY1DMW_CHLORA_2015-11-01.FLOAT.TIFF,2015-11-01,1759383,4720617,117258.431461,245168.450155,318683.868855,369029.505366,529140.492896
MY1DMW_CHLORA_2015-11-09.FLOAT.TIFF,2015-11-09,1738867,4741133,116958.825591,242531.318831,309739.269725,359283.910074,503411.362204
MY1DMW_CHLORA_2015-11-17.FLOAT.TIFF,2015-11-17,1653844,4826156,111127.401417,237427.442014,300667.92824,340574.11355,465642.928991
MY1DMW_CHLORA_2015-11-25.FLOAT.TIFF,2015-11-25,1627265,4852735,111240.981572,226951.469597,293740.378263,335937.463205,470321.847242
MY1DMW_CHLORA_2015-12-03.FLOAT.TIFF,2015-12-03,1719752,4760248,114943.938624,236693.046482,294886.159011,331637.717409,446563.406471
MY1DMW_CHLORA_2015-12-11.FLOAT.TIFF,2015-12-11,1747976,4732024,115408.51665,236323.232718,297621.550941,340869.4644,466693.189707
MY1DMW_CHLORA_2015-12-19.FLOAT.TIFF,2015-12-19,1678705,4801295,111438.060058,229237.207735,296076.580129,336021.191406,455245.552872
MY1DMW_CHLORA_2015-12-27.FLOAT.TIFF,2015-12-27,1279744,5200256,86323.2274255,171752.175557,227637.975551,266740.986693,367366.115402
MY1DMW_CHLORA_2016-01-01.FLOAT.TIFF,2016-01-01,1810679,4669321,123058.274684,246100.068711,316203.015592,367458.409211,505134.075122
MY1DMW_CHLORA_2016-01-09.FLOAT.TIFF,2016-01-09,1820130,4659870,124372.109822,242428.244415,314097.036698,364509.425424,494600.90548
MY1DMW_CHLORA_2016-01-17.FLOAT.TIFF,2016-01-17,1889614,4590386,128201.175139,256307.235472,328041.979033,375846.113313,488605.702329
MY1DMW_CHLORA_2016-01-25.FLOAT.TIFF,2016-01-25,1893683,4586317,126707.22511,256523.365089,326857.587262,375059.911092,515741.529755
MY1DMW_CHLORA_2016-02-02.FLOAT.TIFF,2016-02-02,1820750,4659250,118293.041138,247811.236787,322842.600912,376689.25626,544178.926567
MY1DMW_CHLORA_2016-02-10.FLOAT.TIFF,2016-02-10,1774697,4705303,118285.107791,242023.553839,322016.628214,380873.52156,575592.267158
MY1DMW_CHLORA_2016-02-18.FLOAT.TIFF,2016-02-18,1992878,4487122,132491.14908,272383.637656,363530.543782,426993.083193,625581.012911
MY1DMW_CHLORA_2016-02-26.FLOAT.TIFF,2016-02-26,1981620,4498380,130821.659828,260154.830973,335131.095167,386283.786183,640911.533983
MY1DMW_CHLORA_2016-03-05.FLOAT.TIFF,2016-03-05,1962210,4517790,140476.664481,250766.787461,317837.617959,365337.753823,574872.174171
MY1DMW_CHLORA_2016-03-13.FLOAT.TIFF,2016-03-13,1956585,4523415,130689.729797,257704.087998,324020.13711,381130.356283,641153.778829
MY1DMW_CHLORA_2016-03-21.FLOAT.TIFF,2016-03-21,1879126,4600874,121814.207883,242050.040272,315198.857562,372657.173021,604940.255212
MY1DMW_CHLORA_2016-03-29.FLOAT.TIFF,2016-03-29,1916624,4563376,124299.053215,246588.823057,315767.468521,380947.591135,652597.763098
MY1DMW_CHLORA_2016-04-06.FLOAT.TIFF,2016-04-06,1869454,4610546,121847.868282,242206.212301,309603.242423,369315.056811,659515.203124
MY1DMW_CHLORA_2016-04-14.FLOAT.TIFF,2016-04-14,1810193,4669807,118180.918058,232279.899532,302813.205302,369079.025229,715737.373056
MY1DMW_CHLORA_2016-04-22.FLOAT.TIFF,2016-04-22,1829739,4650261,117917.667815,223929.178273,294014.97547,372695.579438,865840.93505
MY1DMW_CHLORA_2016-04-30.FLOAT.TIFF,2016-04-30,1797216,4682784,114864.378068,217378.994306,295091.472746,373493.120628,824191.794465
MY1DMW_CHLORA_2016-05-08.FLOAT.TIFF,2016-05-08,1772825,4707175,114235.772749,212018.601652,295491.876306,387340.117934,882794.31918
MY1DMW_CHLORA_2016-05-16.FLOAT.TIFF,2016-05-16,1661694,4818306,104805.67189,182134.307003,272197.584418,372764.747651,952614.115299
MY1DMW_CHLORA_2016-05-24.FLOAT.TIFF,2016-05-24,1701679,4778321,110018.874083,194132.81846,279090.85961,373675.18576,875433.204408
MY1DMW_CHLORA_2016-06-01.FLOAT.TIFF,2016-06-01,1666636,4813364,107034.493969,196498.478469,279357.512362,366658.71836,858385.875591
MY1DMW_CHLORA_2016-06-09.FLOAT.TIFF,2016-06-09,1677659,4802341,106432.755407,200218.307535,295203.800705,386530.035255,754486.238686
MY1DMW_CHLORA_2016-06-17.FLOAT.TIFF,2016-06-17,1609945,4870055,100860.238558,197257.26448,289608.795415,383966.158146,784706.628322
MY1DMW_CHLORA_2016-06-25.FLOAT.TIFF,2016-06-25,1824272,4655728,118666.779374,226971.822521,323454.223226,411252.86286,911132.433181
MY1DMW_CHLORA_2016-07-03.FLOAT.TIFF,2016-07-03,1898538,4581462,122672.83485,238581.931494,346728.153513,438957.804123,947491.139085
MY1DMW_CHLORA_2016-07-11.FLOAT.TIFF,2016-07-11,1895173,4584827,123042.006887,242803.411898,338722.116231,421343.206896,956619.978246
MY1DMW_CHLORA_2016-07-19.FLOAT.TIFF,2016-07-19,1944651,4535349,127360.350463,261269.402033,356897.393007,435536.77826,906923.220447
MY1DMW_CHLORA_2016-07-27.FLOAT.TIFF,2016-07-27,1975461,4504539,128663.624963,264438.280127,364271.553426,456312.095387,920148.545886
MY1DMW_CHLORA_2016-08-04.FLOAT.TIFF,2016-08-04,2061712,4418288,133639.398359,274398.452481,390300.86055,500011.469241,1071145.26034
MY1DMW_CHLORA_2016-08-12.FLOAT.TIFF,2016-08-12,2076159,4403841,130856.736189,277303.306927,394290.831862,509531.262365,1090984.91683
MY1DMW_CHLORA_2016-08-20.FLOAT.TIFF,2016-08-20,2178531,4301469,140311.063686,279338.98963,403163.245409,531194.767881,1183029.11687
MY1DMW_CHLORA_2016-08-28.FLOAT.TIFF,2016-08-28,2111176,4368824,137653.058775,260994.500898,382211.667186,505255.100297,1209343.48619
MY1DMW_CHLORA_2016-09-05.FLOAT.TIFF,2016-09-05,2221368,4258632,146546.936654,277158.704061,402348.477535,529584.286862,1229082.54023